"","Date","calYear","waterYear","wy_doy","ice"
"1",2013-09-14,"2013",2013,349,"0"
"2",2013-09-15,"2013",2013,350,"0"
"3",2013-09-16,"2013",2013,351,"0"
"4",2013-09-17,"2013",2013,352,"0"
"5",2013-09-18,"2013",2013,353,"0"
"6",2013-09-19,"2013",2013,354,"0"
"7",2013-09-20,"2013",2013,355,"0"
"8",2013-09-21,"2013",2013,356,"0"
"9",2013-09-22,"2013",2013,357,"0"
"10",2013-09-23,"2013",2013,358,"0"
"11",2013-09-24,"2013",2013,359,"0"
"12",2013-09-25,"2013",2013,360,"0"
"13",2013-09-26,"2013",2013,361,"0"
"14",2013-09-27,"2013",2013,362,"0"
"15",2013-09-28,"2013",2013,363,"0"
"16",2013-09-29,"2013",2013,364,"0"
"17",2013-09-30,"2013",2013,365,"0"
"18",2013-10-01,"2013",2014,1,"0"
"19",2013-10-02,"2013",2014,2,"0"
"20",2013-10-03,"2013",2014,3,"0"
"21",2013-10-04,"2013",2014,4,"0"
"22",2013-10-05,"2013",2014,5,"0"
"23",2013-10-06,"2013",2014,6,"0"
"24",2013-10-07,"2013",2014,7,"0"
"25",2013-10-08,"2013",2014,8,"0"
"26",2013-10-09,"2013",2014,9,"0"
"27",2013-10-10,"2013",2014,10,"0"
"28",2013-10-11,"2013",2014,11,"0"
"29",2013-10-12,"2013",2014,12,"0"
"30",2013-10-13,"2013",2014,13,"0"
"31",2013-10-14,"2013",2014,14,"0"
"32",2013-10-15,"2013",2014,15,"0"
"33",2013-10-16,"2013",2014,16,"0"
"34",2013-10-17,"2013",2014,17,"0"
"35",2013-10-18,"2013",2014,18,"0"
"36",2013-10-19,"2013",2014,19,"0"
"37",2013-10-20,"2013",2014,20,"0"
"38",2013-10-21,"2013",2014,21,"0"
"39",2013-10-22,"2013",2014,22,"1"
"40",2013-10-23,"2013",2014,23,"1"
"41",2013-10-24,"2013",2014,24,"1"
"42",2013-10-25,"2013",2014,25,"1"
"43",2013-10-26,"2013",2014,26,"1"
"44",2013-10-27,"2013",2014,27,"1"
"45",2013-10-28,"2013",2014,28,"1"
"46",2013-10-29,"2013",2014,29,"1"
"47",2013-10-30,"2013",2014,30,"1"
"48",2013-10-31,"2013",2014,31,"1"
"49",2013-11-01,"2013",2014,32,"1"
"50",2013-11-02,"2013",2014,33,"1"
"51",2013-11-03,"2013",2014,34,"1"
"52",2013-11-04,"2013",2014,35,"1"
"53",2013-11-05,"2013",2014,36,"1"
"54",2013-11-06,"2013",2014,37,"1"
"55",2013-11-07,"2013",2014,38,"1"
"56",2013-11-08,"2013",2014,39,"1"
"57",2013-11-09,"2013",2014,40,"1"
"58",2013-11-10,"2013",2014,41,"1"
"59",2013-11-11,"2013",2014,42,"1"
"60",2013-11-12,"2013",2014,43,"1"
"61",2013-11-13,"2013",2014,44,"1"
"62",2013-11-14,"2013",2014,45,"1"
"63",2013-11-15,"2013",2014,46,"1"
"64",2013-11-16,"2013",2014,47,"1"
"65",2013-11-17,"2013",2014,48,"1"
"66",2013-11-18,"2013",2014,49,"1"
"67",2013-11-19,"2013",2014,50,"1"
"68",2013-11-20,"2013",2014,51,"1"
"69",2013-11-21,"2013",2014,52,"1"
"70",2013-11-22,"2013",2014,53,"1"
"71",2013-11-23,"2013",2014,54,"1"
"72",2013-11-24,"2013",2014,55,"1"
"73",2013-11-25,"2013",2014,56,"1"
"74",2013-11-26,"2013",2014,57,"1"
"75",2013-11-27,"2013",2014,58,"1"
"76",2013-11-28,"2013",2014,59,"1"
"77",2013-11-29,"2013",2014,60,"1"
"78",2013-11-30,"2013",2014,61,"1"
"79",2013-12-01,"2013",2014,62,"1"
"80",2013-12-02,"2013",2014,63,"1"
"81",2013-12-03,"2013",2014,64,"1"
"82",2013-12-04,"2013",2014,65,"1"
"83",2013-12-05,"2013",2014,66,"1"
"84",2013-12-06,"2013",2014,67,"1"
"85",2013-12-07,"2013",2014,68,"1"
"86",2013-12-08,"2013",2014,69,"1"
"87",2013-12-09,"2013",2014,70,"1"
"88",2013-12-10,"2013",2014,71,"1"
"89",2013-12-11,"2013",2014,72,"1"
"90",2013-12-12,"2013",2014,73,"1"
"91",2013-12-13,"2013",2014,74,"1"
"92",2013-12-14,"2013",2014,75,"1"
"93",2013-12-15,"2013",2014,76,"1"
"94",2013-12-16,"2013",2014,77,"1"
"95",2013-12-17,"2013",2014,78,"1"
"96",2013-12-18,"2013",2014,79,"1"
"97",2013-12-19,"2013",2014,80,"1"
"98",2013-12-20,"2013",2014,81,"1"
"99",2013-12-21,"2013",2014,82,"1"
"100",2013-12-22,"2013",2014,83,"1"
"101",2013-12-23,"2013",2014,84,"1"
"102",2013-12-24,"2013",2014,85,"1"
"103",2013-12-25,"2013",2014,86,"1"
"104",2013-12-26,"2013",2014,87,"1"
"105",2013-12-27,"2013",2014,88,"1"
"106",2013-12-28,"2013",2014,89,"1"
"107",2013-12-29,"2013",2014,90,"1"
"108",2013-12-30,"2013",2014,91,"1"
"109",2013-12-31,"2013",2014,92,"1"
"110",2014-01-01,"2014",2014,93,"1"
"111",2014-01-02,"2014",2014,94,"1"
"112",2014-01-03,"2014",2014,95,"1"
"113",2014-01-04,"2014",2014,96,"1"
"114",2014-01-05,"2014",2014,97,"1"
"115",2014-01-06,"2014",2014,98,"1"
"116",2014-01-07,"2014",2014,99,"1"
"117",2014-01-08,"2014",2014,100,"1"
"118",2014-01-09,"2014",2014,101,"1"
"119",2014-01-10,"2014",2014,102,"1"
"120",2014-01-11,"2014",2014,103,"1"
"121",2014-01-12,"2014",2014,104,"1"
"122",2014-01-13,"2014",2014,105,"1"
"123",2014-01-14,"2014",2014,106,"1"
"124",2014-01-15,"2014",2014,107,"1"
"125",2014-01-16,"2014",2014,108,"1"
"126",2014-01-17,"2014",2014,109,"1"
"127",2014-01-18,"2014",2014,110,"1"
"128",2014-01-19,"2014",2014,111,"1"
"129",2014-01-20,"2014",2014,112,"1"
"130",2014-01-21,"2014",2014,113,"1"
"131",2014-01-22,"2014",2014,114,"1"
"132",2014-01-23,"2014",2014,115,"1"
"133",2014-01-24,"2014",2014,116,"1"
"134",2014-01-25,"2014",2014,117,"1"
"135",2014-01-26,"2014",2014,118,"1"
"136",2014-01-27,"2014",2014,119,"1"
"137",2014-01-28,"2014",2014,120,"1"
"138",2014-01-29,"2014",2014,121,"1"
"139",2014-01-30,"2014",2014,122,"1"
"140",2014-01-31,"2014",2014,123,"1"
"141",2014-02-01,"2014",2014,124,"1"
"142",2014-02-02,"2014",2014,125,"1"
"143",2014-02-03,"2014",2014,126,"1"
"144",2014-02-04,"2014",2014,127,"1"
"145",2014-02-05,"2014",2014,128,"1"
"146",2014-02-06,"2014",2014,129,"1"
"147",2014-02-07,"2014",2014,130,"1"
"148",2014-02-08,"2014",2014,131,"1"
"149",2014-02-09,"2014",2014,132,"1"
"150",2014-02-10,"2014",2014,133,"1"
"151",2014-02-11,"2014",2014,134,"1"
"152",2014-02-12,"2014",2014,135,"1"
"153",2014-02-13,"2014",2014,136,"1"
"154",2014-02-14,"2014",2014,137,"1"
"155",2014-02-15,"2014",2014,138,"1"
"156",2014-02-16,"2014",2014,139,"1"
"157",2014-02-17,"2014",2014,140,"1"
"158",2014-02-18,"2014",2014,141,"1"
"159",2014-02-19,"2014",2014,142,"1"
"160",2014-02-20,"2014",2014,143,"1"
"161",2014-02-21,"2014",2014,144,"1"
"162",2014-02-22,"2014",2014,145,"1"
"163",2014-02-23,"2014",2014,146,"1"
"164",2014-02-24,"2014",2014,147,"1"
"165",2014-02-25,"2014",2014,148,"1"
"166",2014-02-26,"2014",2014,149,"1"
"167",2014-02-27,"2014",2014,150,"1"
"168",2014-02-28,"2014",2014,151,"1"
"169",2014-03-01,"2014",2014,152,"1"
"170",2014-03-02,"2014",2014,153,"1"
"171",2014-03-03,"2014",2014,154,"1"
"172",2014-03-04,"2014",2014,155,"1"
"173",2014-03-05,"2014",2014,156,"1"
"174",2014-03-06,"2014",2014,157,"1"
"175",2014-03-07,"2014",2014,158,"1"
"176",2014-03-08,"2014",2014,159,"1"
"177",2014-03-09,"2014",2014,160,"1"
"178",2014-03-10,"2014",2014,161,"1"
"179",2014-03-11,"2014",2014,162,"1"
"180",2014-03-12,"2014",2014,163,"1"
"181",2014-03-13,"2014",2014,164,"1"
"182",2014-03-14,"2014",2014,165,"1"
"183",2014-03-15,"2014",2014,166,"1"
"184",2014-03-16,"2014",2014,167,"1"
"185",2014-03-17,"2014",2014,168,"1"
"186",2014-03-18,"2014",2014,169,"1"
"187",2014-03-19,"2014",2014,170,"1"
"188",2014-03-20,"2014",2014,171,"1"
"189",2014-03-21,"2014",2014,172,"1"
"190",2014-03-22,"2014",2014,173,"1"
"191",2014-03-23,"2014",2014,174,"1"
"192",2014-03-24,"2014",2014,175,"1"
"193",2014-03-25,"2014",2014,176,"1"
"194",2014-03-26,"2014",2014,177,"1"
"195",2014-03-27,"2014",2014,178,"1"
"196",2014-03-28,"2014",2014,179,"1"
"197",2014-03-29,"2014",2014,180,"1"
"198",2014-03-30,"2014",2014,181,"1"
"199",2014-03-31,"2014",2014,182,"1"
"200",2014-04-01,"2014",2014,183,"1"
"201",2014-04-02,"2014",2014,184,"1"
"202",2014-04-03,"2014",2014,185,"1"
"203",2014-04-04,"2014",2014,186,"1"
"204",2014-04-05,"2014",2014,187,"1"
"205",2014-04-06,"2014",2014,188,"1"
"206",2014-04-07,"2014",2014,189,"1"
"207",2014-04-08,"2014",2014,190,"1"
"208",2014-04-09,"2014",2014,191,"1"
"209",2014-04-10,"2014",2014,192,"1"
"210",2014-04-11,"2014",2014,193,"1"
"211",2014-04-12,"2014",2014,194,"1"
"212",2014-04-13,"2014",2014,195,"1"
"213",2014-04-14,"2014",2014,196,"1"
"214",2014-04-15,"2014",2014,197,"1"
"215",2014-04-16,"2014",2014,198,"1"
"216",2014-04-17,"2014",2014,199,"1"
"217",2014-04-18,"2014",2014,200,"1"
"218",2014-04-19,"2014",2014,201,"1"
"219",2014-04-20,"2014",2014,202,"1"
"220",2014-04-21,"2014",2014,203,"1"
"221",2014-04-22,"2014",2014,204,"1"
"222",2014-04-23,"2014",2014,205,"1"
"223",2014-04-24,"2014",2014,206,"1"
"224",2014-04-25,"2014",2014,207,"1"
"225",2014-04-26,"2014",2014,208,"1"
"226",2014-04-27,"2014",2014,209,"1"
"227",2014-04-28,"2014",2014,210,"1"
"228",2014-04-29,"2014",2014,211,"1"
"229",2014-04-30,"2014",2014,212,"1"
"230",2014-05-01,"2014",2014,213,"1"
"231",2014-05-02,"2014",2014,214,"1"
"232",2014-05-03,"2014",2014,215,"1"
"233",2014-05-04,"2014",2014,216,"1"
"234",2014-05-05,"2014",2014,217,"1"
"235",2014-05-06,"2014",2014,218,"1"
"236",2014-05-07,"2014",2014,219,"1"
"237",2014-05-08,"2014",2014,220,"1"
"238",2014-05-09,"2014",2014,221,"1"
"239",2014-05-10,"2014",2014,222,"1"
"240",2014-05-11,"2014",2014,223,"1"
"241",2014-05-12,"2014",2014,224,"1"
"242",2014-05-13,"2014",2014,225,"1"
"243",2014-05-14,"2014",2014,226,"1"
"244",2014-05-15,"2014",2014,227,"1"
"245",2014-05-16,"2014",2014,228,"1"
"246",2014-05-17,"2014",2014,229,"1"
"247",2014-05-18,"2014",2014,230,"1"
"248",2014-05-19,"2014",2014,231,"1"
"249",2014-05-20,"2014",2014,232,"1"
"250",2014-05-21,"2014",2014,233,"1"
"251",2014-05-22,"2014",2014,234,"1"
"252",2014-05-23,"2014",2014,235,"1"
"253",2014-05-24,"2014",2014,236,"1"
"254",2014-05-25,"2014",2014,237,"1"
"255",2014-05-26,"2014",2014,238,"1"
"256",2014-05-27,"2014",2014,239,"1"
"257",2014-05-28,"2014",2014,240,"1"
"258",2014-05-29,"2014",2014,241,"1"
"259",2014-05-30,"2014",2014,242,"1"
"260",2014-05-31,"2014",2014,243,"1"
"261",2014-06-01,"2014",2014,244,"1"
"262",2014-06-02,"2014",2014,245,"1"
"263",2014-06-03,"2014",2014,246,"1"
"264",2014-06-04,"2014",2014,247,"1"
"265",2014-06-05,"2014",2014,248,"0"
"266",2014-06-06,"2014",2014,249,"0"
"267",2014-06-07,"2014",2014,250,"0"
"268",2014-06-08,"2014",2014,251,"0"
"269",2014-06-09,"2014",2014,252,"0"
"270",2014-06-10,"2014",2014,253,"0"
"271",2014-06-11,"2014",2014,254,"0"
"272",2014-06-12,"2014",2014,255,"0"
"273",2014-06-13,"2014",2014,256,"0"
"274",2014-06-14,"2014",2014,257,"0"
"275",2014-06-15,"2014",2014,258,"0"
"276",2014-06-16,"2014",2014,259,"0"
"277",2014-06-17,"2014",2014,260,"0"
"278",2014-06-18,"2014",2014,261,"0"
"279",2014-06-19,"2014",2014,262,"0"
"280",2014-06-20,"2014",2014,263,"0"
"281",2014-06-21,"2014",2014,264,"0"
"282",2014-06-22,"2014",2014,265,"0"
"283",2014-06-23,"2014",2014,266,"0"
"284",2014-06-24,"2014",2014,267,"0"
"285",2014-06-25,"2014",2014,268,"0"
"286",2014-06-26,"2014",2014,269,"0"
"287",2014-06-27,"2014",2014,270,"0"
"288",2014-06-28,"2014",2014,271,"0"
"289",2014-06-29,"2014",2014,272,"0"
"290",2014-06-30,"2014",2014,273,"0"
"291",2014-07-01,"2014",2014,274,"0"
"292",2014-07-02,"2014",2014,275,"0"
"293",2014-07-03,"2014",2014,276,"0"
"294",2014-07-04,"2014",2014,277,"0"
"295",2014-07-05,"2014",2014,278,"0"
"296",2014-07-06,"2014",2014,279,"0"
"297",2014-07-07,"2014",2014,280,"0"
"298",2014-07-08,"2014",2014,281,"0"
"299",2014-07-09,"2014",2014,282,"0"
"300",2014-07-10,"2014",2014,283,"0"
"301",2014-07-11,"2014",2014,284,"0"
"302",2014-07-12,"2014",2014,285,"0"
"303",2014-07-13,"2014",2014,286,"0"
"304",2014-07-14,"2014",2014,287,"0"
"305",2014-07-15,"2014",2014,288,"0"
"306",2014-07-16,"2014",2014,289,"0"
"307",2014-07-17,"2014",2014,290,"0"
"308",2014-07-18,"2014",2014,291,"0"
"309",2014-07-19,"2014",2014,292,"0"
"310",2014-07-20,"2014",2014,293,"0"
"311",2014-07-21,"2014",2014,294,"0"
"312",2014-07-22,"2014",2014,295,"0"
"313",2014-07-23,"2014",2014,296,"0"
"314",2014-07-24,"2014",2014,297,"0"
"315",2014-07-25,"2014",2014,298,"0"
"316",2014-07-26,"2014",2014,299,"0"
"317",2014-07-27,"2014",2014,300,"0"
"318",2014-07-28,"2014",2014,301,"0"
"319",2014-07-29,"2014",2014,302,"0"
"320",2014-07-30,"2014",2014,303,"0"
"321",2014-07-31,"2014",2014,304,"0"
"322",2014-08-01,"2014",2014,305,"0"
"323",2014-08-02,"2014",2014,306,"0"
"324",2014-08-03,"2014",2014,307,"0"
"325",2014-08-04,"2014",2014,308,"0"
"326",2014-08-05,"2014",2014,309,"0"
"327",2014-08-06,"2014",2014,310,"0"
"328",2014-08-07,"2014",2014,311,"0"
"329",2014-08-08,"2014",2014,312,"0"
"330",2014-08-09,"2014",2014,313,"0"
"331",2014-08-10,"2014",2014,314,"0"
"332",2014-08-11,"2014",2014,315,"0"
"333",2014-08-12,"2014",2014,316,"0"
"334",2014-08-13,"2014",2014,317,"0"
"335",2014-08-14,"2014",2014,318,"0"
"336",2014-08-15,"2014",2014,319,"0"
"337",2014-08-16,"2014",2014,320,"0"
"338",2014-08-17,"2014",2014,321,"0"
"339",2014-08-18,"2014",2014,322,"0"
"340",2014-08-19,"2014",2014,323,"0"
"341",2014-08-20,"2014",2014,324,"0"
"342",2014-08-21,"2014",2014,325,"0"
"343",2014-08-22,"2014",2014,326,"0"
"344",2014-08-23,"2014",2014,327,"0"
"345",2014-08-24,"2014",2014,328,"0"
"346",2014-08-25,"2014",2014,329,"0"
"347",2014-08-26,"2014",2014,330,"0"
"348",2014-08-27,"2014",2014,331,"0"
"349",2014-08-28,"2014",2014,332,"0"
"350",2014-08-29,"2014",2014,333,"0"
"351",2014-08-30,"2014",2014,334,"0"
"352",2014-08-31,"2014",2014,335,"0"
"353",2014-09-01,"2014",2014,336,"0"
"354",2014-09-02,"2014",2014,337,"0"
"355",2014-09-03,"2014",2014,338,"0"
"356",2014-09-04,"2014",2014,339,"0"
"357",2014-09-05,"2014",2014,340,"0"
"358",2014-09-06,"2014",2014,341,"0"
"359",2014-09-07,"2014",2014,342,"0"
"360",2014-09-08,"2014",2014,343,"0"
"361",2014-09-09,"2014",2014,344,"0"
"362",2014-09-10,"2014",2014,345,"0"
"363",2014-09-11,"2014",2014,346,"0"
"364",2014-09-12,"2014",2014,347,"0"
"365",2014-09-13,"2014",2014,348,"0"
"366",2014-09-14,"2014",2014,349,"0"
"367",2014-09-15,"2014",2014,350,"0"
"368",2014-09-16,"2014",2014,351,"0"
"369",2014-09-17,"2014",2014,352,"0"
"370",2014-09-18,"2014",2014,353,"0"
"371",2014-09-19,"2014",2014,354,"0"
"372",2014-09-20,"2014",2014,355,"0"
"373",2014-09-21,"2014",2014,356,"0"
"374",2014-09-22,"2014",2014,357,"0"
"375",2014-09-23,"2014",2014,358,"0"
"376",2014-09-24,"2014",2014,359,"0"
"377",2014-09-25,"2014",2014,360,"0"
"378",2014-09-26,"2014",2014,361,"0"
"379",2014-09-27,"2014",2014,362,"0"
"380",2014-09-28,"2014",2014,363,"0"
"381",2014-09-29,"2014",2014,364,"0"
"382",2014-09-30,"2014",2014,365,"0"
"383",2014-10-01,"2014",2015,1,"0"
"384",2014-10-02,"2014",2015,2,"0"
"385",2014-10-03,"2014",2015,3,"0"
"386",2014-10-04,"2014",2015,4,"0"
"387",2014-10-05,"2014",2015,5,"0"
"388",2014-10-06,"2014",2015,6,"0"
"389",2014-10-07,"2014",2015,7,"0"
"390",2014-10-08,"2014",2015,8,"0"
"391",2014-10-09,"2014",2015,9,"0"
"392",2014-10-10,"2014",2015,10,"0"
"393",2014-10-11,"2014",2015,11,"0"
"394",2014-10-12,"2014",2015,12,"0"
"395",2014-10-13,"2014",2015,13,"0"
"396",2014-10-14,"2014",2015,14,"0"
"397",2014-10-15,"2014",2015,15,"0"
"398",2014-10-16,"2014",2015,16,"0"
"399",2014-10-17,"2014",2015,17,"0"
"400",2014-10-18,"2014",2015,18,"0"
"401",2014-10-19,"2014",2015,19,"0"
"402",2014-10-20,"2014",2015,20,"0"
"403",2014-10-21,"2014",2015,21,"0"
"404",2014-10-22,"2014",2015,22,"0"
"405",2014-10-23,"2014",2015,23,"0"
"406",2014-10-24,"2014",2015,24,"0"
"407",2014-10-25,"2014",2015,25,"0"
"408",2014-10-26,"2014",2015,26,"0"
"409",2014-10-27,"2014",2015,27,"0"
"410",2014-10-28,"2014",2015,28,"0"
"411",2014-10-29,"2014",2015,29,"0"
"412",2014-10-30,"2014",2015,30,"0"
"413",2014-10-31,"2014",2015,31,"0"
"414",2014-11-01,"2014",2015,32,"0"
"415",2014-11-02,"2014",2015,33,"0"
"416",2014-11-03,"2014",2015,34,"0"
"417",2014-11-04,"2014",2015,35,"0"
"418",2014-11-05,"2014",2015,36,"0"
"419",2014-11-06,"2014",2015,37,"0"
"420",2014-11-07,"2014",2015,38,"0"
"421",2014-11-08,"2014",2015,39,"0"
"422",2014-11-09,"2014",2015,40,"0"
"423",2014-11-10,"2014",2015,41,"0"
"424",2014-11-11,"2014",2015,42,"0"
"425",2014-11-12,"2014",2015,43,"0"
"426",2014-11-13,"2014",2015,44,"0"
"427",2014-11-14,"2014",2015,45,"0"
"428",2014-11-15,"2014",2015,46,"0"
"429",2014-11-16,"2014",2015,47,"0"
"430",2014-11-17,"2014",2015,48,"0"
"431",2014-11-18,"2014",2015,49,"1"
"432",2014-11-19,"2014",2015,50,"1"
"433",2014-11-20,"2014",2015,51,"1"
"434",2014-11-21,"2014",2015,52,"1"
"435",2014-11-22,"2014",2015,53,"1"
"436",2014-11-23,"2014",2015,54,"1"
"437",2014-11-24,"2014",2015,55,"1"
"438",2014-11-25,"2014",2015,56,"1"
"439",2014-11-26,"2014",2015,57,"1"
"440",2014-11-27,"2014",2015,58,"1"
"441",2014-11-28,"2014",2015,59,"1"
"442",2014-11-29,"2014",2015,60,"1"
"443",2014-11-30,"2014",2015,61,"1"
"444",2014-12-01,"2014",2015,62,"1"
"445",2014-12-02,"2014",2015,63,"1"
"446",2014-12-03,"2014",2015,64,"1"
"447",2014-12-04,"2014",2015,65,"1"
"448",2014-12-05,"2014",2015,66,"1"
"449",2014-12-06,"2014",2015,67,"1"
"450",2014-12-07,"2014",2015,68,"1"
"451",2014-12-08,"2014",2015,69,"1"
"452",2014-12-09,"2014",2015,70,"1"
"453",2014-12-10,"2014",2015,71,"1"
"454",2014-12-11,"2014",2015,72,"1"
"455",2014-12-12,"2014",2015,73,"1"
"456",2014-12-13,"2014",2015,74,"1"
"457",2014-12-14,"2014",2015,75,"1"
"458",2014-12-15,"2014",2015,76,"1"
"459",2014-12-16,"2014",2015,77,"1"
"460",2014-12-17,"2014",2015,78,"1"
"461",2014-12-18,"2014",2015,79,"1"
"462",2014-12-19,"2014",2015,80,"1"
"463",2014-12-20,"2014",2015,81,"1"
"464",2014-12-21,"2014",2015,82,"1"
"465",2014-12-22,"2014",2015,83,"1"
"466",2014-12-23,"2014",2015,84,"1"
"467",2014-12-24,"2014",2015,85,"1"
"468",2014-12-25,"2014",2015,86,"1"
"469",2014-12-26,"2014",2015,87,"1"
"470",2014-12-27,"2014",2015,88,"1"
"471",2014-12-28,"2014",2015,89,"1"
"472",2014-12-29,"2014",2015,90,"1"
"473",2014-12-30,"2014",2015,91,"1"
"474",2014-12-31,"2014",2015,92,"1"
"475",2015-01-01,"2015",2015,93,"1"
"476",2015-01-02,"2015",2015,94,"1"
"477",2015-01-03,"2015",2015,95,"1"
"478",2015-01-04,"2015",2015,96,"1"
"479",2015-01-05,"2015",2015,97,"1"
"480",2015-01-06,"2015",2015,98,"1"
"481",2015-01-07,"2015",2015,99,"1"
"482",2015-01-08,"2015",2015,100,"1"
"483",2015-01-09,"2015",2015,101,"1"
"484",2015-01-10,"2015",2015,102,"1"
"485",2015-01-11,"2015",2015,103,"1"
"486",2015-01-12,"2015",2015,104,"1"
"487",2015-01-13,"2015",2015,105,"1"
"488",2015-01-14,"2015",2015,106,"1"
"489",2015-01-15,"2015",2015,107,"1"
"490",2015-01-16,"2015",2015,108,"1"
"491",2015-01-17,"2015",2015,109,"1"
"492",2015-01-18,"2015",2015,110,"1"
"493",2015-01-19,"2015",2015,111,"1"
"494",2015-01-20,"2015",2015,112,"1"
"495",2015-01-21,"2015",2015,113,"1"
"496",2015-01-22,"2015",2015,114,"1"
"497",2015-01-23,"2015",2015,115,"1"
"498",2015-01-24,"2015",2015,116,"1"
"499",2015-01-25,"2015",2015,117,"1"
"500",2015-01-26,"2015",2015,118,"1"
"501",2015-01-27,"2015",2015,119,"1"
"502",2015-01-28,"2015",2015,120,"1"
"503",2015-01-29,"2015",2015,121,"1"
"504",2015-01-30,"2015",2015,122,"1"
"505",2015-01-31,"2015",2015,123,"1"
"506",2015-02-01,"2015",2015,124,"1"
"507",2015-02-02,"2015",2015,125,"1"
"508",2015-02-03,"2015",2015,126,"1"
"509",2015-02-04,"2015",2015,127,"1"
"510",2015-02-05,"2015",2015,128,"1"
"511",2015-02-06,"2015",2015,129,"1"
"512",2015-02-07,"2015",2015,130,"1"
"513",2015-02-08,"2015",2015,131,"1"
"514",2015-02-09,"2015",2015,132,"1"
"515",2015-02-10,"2015",2015,133,"1"
"516",2015-02-11,"2015",2015,134,"1"
"517",2015-02-12,"2015",2015,135,"1"
"518",2015-02-13,"2015",2015,136,"1"
"519",2015-02-14,"2015",2015,137,"1"
"520",2015-02-15,"2015",2015,138,"1"
"521",2015-02-16,"2015",2015,139,"1"
"522",2015-02-17,"2015",2015,140,"1"
"523",2015-02-18,"2015",2015,141,"1"
"524",2015-02-19,"2015",2015,142,"1"
"525",2015-02-20,"2015",2015,143,"1"
"526",2015-02-21,"2015",2015,144,"1"
"527",2015-02-22,"2015",2015,145,"1"
"528",2015-02-23,"2015",2015,146,"1"
"529",2015-02-24,"2015",2015,147,"1"
"530",2015-02-25,"2015",2015,148,"1"
"531",2015-02-26,"2015",2015,149,"1"
"532",2015-02-27,"2015",2015,150,"1"
"533",2015-02-28,"2015",2015,151,"1"
"534",2015-03-01,"2015",2015,152,"1"
"535",2015-03-02,"2015",2015,153,"1"
"536",2015-03-03,"2015",2015,154,"1"
"537",2015-03-04,"2015",2015,155,"1"
"538",2015-03-05,"2015",2015,156,"1"
"539",2015-03-06,"2015",2015,157,"1"
"540",2015-03-07,"2015",2015,158,"1"
"541",2015-03-08,"2015",2015,159,"1"
"542",2015-03-09,"2015",2015,160,"1"
"543",2015-03-10,"2015",2015,161,"1"
"544",2015-03-11,"2015",2015,162,"1"
"545",2015-03-12,"2015",2015,163,"1"
"546",2015-03-13,"2015",2015,164,"1"
"547",2015-03-14,"2015",2015,165,"1"
"548",2015-03-15,"2015",2015,166,"1"
"549",2015-03-16,"2015",2015,167,"1"
"550",2015-03-17,"2015",2015,168,"1"
"551",2015-03-18,"2015",2015,169,"1"
"552",2015-03-19,"2015",2015,170,"1"
"553",2015-03-20,"2015",2015,171,"1"
"554",2015-03-21,"2015",2015,172,"1"
"555",2015-03-22,"2015",2015,173,"1"
"556",2015-03-23,"2015",2015,174,"1"
"557",2015-03-24,"2015",2015,175,"1"
"558",2015-03-25,"2015",2015,176,"1"
"559",2015-03-26,"2015",2015,177,"1"
"560",2015-03-27,"2015",2015,178,"1"
"561",2015-03-28,"2015",2015,179,"1"
"562",2015-03-29,"2015",2015,180,"1"
"563",2015-03-30,"2015",2015,181,"1"
"564",2015-03-31,"2015",2015,182,"1"
"565",2015-04-01,"2015",2015,183,"1"
"566",2015-04-02,"2015",2015,184,"1"
"567",2015-04-03,"2015",2015,185,"1"
"568",2015-04-04,"2015",2015,186,"1"
"569",2015-04-05,"2015",2015,187,"1"
"570",2015-04-06,"2015",2015,188,"1"
"571",2015-04-07,"2015",2015,189,"1"
"572",2015-04-08,"2015",2015,190,"1"
"573",2015-04-09,"2015",2015,191,"1"
"574",2015-04-10,"2015",2015,192,"1"
"575",2015-04-11,"2015",2015,193,"1"
"576",2015-04-12,"2015",2015,194,"1"
"577",2015-04-13,"2015",2015,195,"1"
"578",2015-04-14,"2015",2015,196,"1"
"579",2015-04-15,"2015",2015,197,"1"
"580",2015-04-16,"2015",2015,198,"1"
"581",2015-04-17,"2015",2015,199,"1"
"582",2015-04-18,"2015",2015,200,"1"
"583",2015-04-19,"2015",2015,201,"1"
"584",2015-04-20,"2015",2015,202,"1"
"585",2015-04-21,"2015",2015,203,"1"
"586",2015-04-22,"2015",2015,204,"1"
"587",2015-04-23,"2015",2015,205,"1"
"588",2015-04-24,"2015",2015,206,"1"
"589",2015-04-25,"2015",2015,207,"1"
"590",2015-04-26,"2015",2015,208,"1"
"591",2015-04-27,"2015",2015,209,"1"
"592",2015-04-28,"2015",2015,210,"1"
"593",2015-04-29,"2015",2015,211,"1"
"594",2015-04-30,"2015",2015,212,"1"
"595",2015-05-01,"2015",2015,213,"1"
"596",2015-05-02,"2015",2015,214,"1"
"597",2015-05-03,"2015",2015,215,"1"
"598",2015-05-04,"2015",2015,216,"1"
"599",2015-05-05,"2015",2015,217,"1"
"600",2015-05-06,"2015",2015,218,"1"
"601",2015-05-07,"2015",2015,219,"1"
"602",2015-05-08,"2015",2015,220,"1"
"603",2015-05-09,"2015",2015,221,"1"
"604",2015-05-10,"2015",2015,222,"1"
"605",2015-05-11,"2015",2015,223,"1"
"606",2015-05-12,"2015",2015,224,"1"
"607",2015-05-13,"2015",2015,225,"1"
"608",2015-05-14,"2015",2015,226,"1"
"609",2015-05-15,"2015",2015,227,"1"
"610",2015-05-16,"2015",2015,228,"1"
"611",2015-05-17,"2015",2015,229,"1"
"612",2015-05-18,"2015",2015,230,"1"
"613",2015-05-19,"2015",2015,231,"1"
"614",2015-05-20,"2015",2015,232,"1"
"615",2015-05-21,"2015",2015,233,"1"
"616",2015-05-22,"2015",2015,234,"1"
"617",2015-05-23,"2015",2015,235,"1"
"618",2015-05-24,"2015",2015,236,"1"
"619",2015-05-25,"2015",2015,237,"1"
"620",2015-05-26,"2015",2015,238,"1"
"621",2015-05-27,"2015",2015,239,"0"
"622",2015-05-28,"2015",2015,240,"0"
"623",2015-05-29,"2015",2015,241,"0"
"624",2015-05-30,"2015",2015,242,"0"
"625",2015-05-31,"2015",2015,243,"0"
"626",2015-06-01,"2015",2015,244,"0"
"627",2015-06-02,"2015",2015,245,"0"
"628",2015-06-03,"2015",2015,246,"0"
"629",2015-06-04,"2015",2015,247,"0"
"630",2015-06-05,"2015",2015,248,"0"
"631",2015-06-06,"2015",2015,249,"0"
"632",2015-06-07,"2015",2015,250,"0"
"633",2015-06-08,"2015",2015,251,"0"
"634",2015-06-09,"2015",2015,252,"0"
"635",2015-06-10,"2015",2015,253,"0"
"636",2015-06-11,"2015",2015,254,"0"
"637",2015-06-12,"2015",2015,255,"0"
"638",2015-06-13,"2015",2015,256,"0"
"639",2015-06-14,"2015",2015,257,"0"
"640",2015-06-15,"2015",2015,258,"0"
"641",2015-06-16,"2015",2015,259,"0"
"642",2015-06-17,"2015",2015,260,"0"
"643",2015-06-18,"2015",2015,261,"0"
"644",2015-06-19,"2015",2015,262,"0"
"645",2015-06-20,"2015",2015,263,"0"
"646",2015-06-21,"2015",2015,264,"0"
"647",2015-06-22,"2015",2015,265,"0"
"648",2015-06-23,"2015",2015,266,"0"
"649",2015-06-24,"2015",2015,267,"0"
"650",2015-06-25,"2015",2015,268,"0"
"651",2015-06-26,"2015",2015,269,"0"
"652",2015-06-27,"2015",2015,270,"0"
"653",2015-06-28,"2015",2015,271,"0"
"654",2015-06-29,"2015",2015,272,"0"
"655",2015-06-30,"2015",2015,273,"0"
"656",2015-07-01,"2015",2015,274,"0"
"657",2015-07-02,"2015",2015,275,"0"
"658",2015-07-03,"2015",2015,276,"0"
"659",2015-07-04,"2015",2015,277,"0"
"660",2015-07-05,"2015",2015,278,"0"
"661",2015-07-06,"2015",2015,279,"0"
"662",2015-07-07,"2015",2015,280,"0"
"663",2015-07-08,"2015",2015,281,"0"
"664",2015-07-09,"2015",2015,282,"0"
"665",2015-07-10,"2015",2015,283,"0"
"666",2015-07-11,"2015",2015,284,"0"
"667",2015-07-12,"2015",2015,285,"0"
"668",2015-07-13,"2015",2015,286,"0"
"669",2015-07-14,"2015",2015,287,"0"
"670",2015-07-15,"2015",2015,288,"0"
"671",2015-07-16,"2015",2015,289,"0"
"672",2015-07-17,"2015",2015,290,"0"
"673",2015-07-18,"2015",2015,291,"0"
"674",2015-07-19,"2015",2015,292,"0"
"675",2015-07-20,"2015",2015,293,"0"
"676",2015-07-21,"2015",2015,294,"0"
"677",2015-07-22,"2015",2015,295,"0"
"678",2015-07-23,"2015",2015,296,"0"
"679",2015-07-24,"2015",2015,297,"0"
"680",2015-07-25,"2015",2015,298,"0"
"681",2015-07-26,"2015",2015,299,"0"
"682",2015-07-27,"2015",2015,300,"0"
"683",2015-07-28,"2015",2015,301,"0"
"684",2015-07-29,"2015",2015,302,"0"
"685",2015-07-30,"2015",2015,303,"0"
"686",2015-07-31,"2015",2015,304,"0"
"687",2015-08-01,"2015",2015,305,"0"
"688",2015-08-02,"2015",2015,306,"0"
"689",2015-08-03,"2015",2015,307,"0"
"690",2015-08-04,"2015",2015,308,"0"
"691",2015-08-05,"2015",2015,309,"0"
"692",2015-08-06,"2015",2015,310,"0"
"693",2015-08-07,"2015",2015,311,"0"
"694",2015-08-08,"2015",2015,312,"0"
"695",2015-08-09,"2015",2015,313,"0"
"696",2015-08-10,"2015",2015,314,"0"
"697",2015-08-11,"2015",2015,315,"0"
"698",2015-08-12,"2015",2015,316,"0"
"699",2015-08-13,"2015",2015,317,"0"
"700",2015-08-14,"2015",2015,318,"0"
"701",2015-08-15,"2015",2015,319,"0"
"702",2015-08-16,"2015",2015,320,"0"
"703",2015-08-17,"2015",2015,321,"0"
"704",2015-08-18,"2015",2015,322,"0"
"705",2015-08-19,"2015",2015,323,"0"
"706",2015-08-20,"2015",2015,324,"0"
"707",2015-08-21,"2015",2015,325,"0"
"708",2015-08-22,"2015",2015,326,"0"
"709",2015-08-23,"2015",2015,327,"0"
"710",2015-08-24,"2015",2015,328,"0"
"711",2015-08-25,"2015",2015,329,"0"
"712",2015-08-26,"2015",2015,330,"0"
"713",2015-08-27,"2015",2015,331,"0"
"714",2015-08-28,"2015",2015,332,"0"
"715",2015-08-29,"2015",2015,333,"0"
"716",2015-08-30,"2015",2015,334,"0"
"717",2015-08-31,"2015",2015,335,"0"
"718",2015-09-01,"2015",2015,336,"0"
"719",2015-09-02,"2015",2015,337,"0"
"720",2015-09-03,"2015",2015,338,"0"
"721",2015-09-04,"2015",2015,339,"0"
"722",2015-09-05,"2015",2015,340,"0"
"723",2015-09-06,"2015",2015,341,"0"
"724",2015-09-07,"2015",2015,342,"0"
"725",2015-09-08,"2015",2015,343,"0"
"726",2015-09-09,"2015",2015,344,"0"
"727",2015-09-10,"2015",2015,345,"0"
"728",2015-09-11,"2015",2015,346,"0"
"729",2015-09-12,"2015",2015,347,"0"
"730",2015-09-13,"2015",2015,348,"0"
"731",2015-09-14,"2015",2015,349,"0"
"732",2015-09-15,"2015",2015,350,"0"
"733",2015-09-16,"2015",2015,351,"0"
"734",2015-09-17,"2015",2015,352,"0"
"735",2015-09-18,"2015",2015,353,"0"
"736",2015-09-19,"2015",2015,354,"0"
"737",2015-09-20,"2015",2015,355,"0"
"738",2015-09-21,"2015",2015,356,"0"
"739",2015-09-22,"2015",2015,357,"0"
"740",2015-09-23,"2015",2015,358,"0"
"741",2015-09-24,"2015",2015,359,"0"
"742",2015-09-25,"2015",2015,360,"0"
"743",2015-09-26,"2015",2015,361,"0"
"744",2015-09-27,"2015",2015,362,"0"
"745",2015-09-28,"2015",2015,363,"0"
"746",2015-09-29,"2015",2015,364,"0"
"747",2015-09-30,"2015",2015,365,"0"
"748",2015-10-01,"2015",2016,1,"0"
"749",2015-10-02,"2015",2016,2,"0"
"750",2015-10-03,"2015",2016,3,"0"
"751",2015-10-04,"2015",2016,4,"0"
"752",2015-10-05,"2015",2016,5,"0"
"753",2015-10-06,"2015",2016,6,"0"
"754",2015-10-07,"2015",2016,7,"0"
"755",2015-10-08,"2015",2016,8,"0"
"756",2015-10-09,"2015",2016,9,"0"
"757",2015-10-10,"2015",2016,10,"0"
"758",2015-10-11,"2015",2016,11,"0"
"759",2015-10-12,"2015",2016,12,"0"
"760",2015-10-13,"2015",2016,13,"0"
"761",2015-10-14,"2015",2016,14,"0"
"762",2015-10-15,"2015",2016,15,"0"
"763",2015-10-16,"2015",2016,16,"0"
"764",2015-10-17,"2015",2016,17,"0"
"765",2015-10-18,"2015",2016,18,"0"
"766",2015-10-19,"2015",2016,19,"0"
"767",2015-10-20,"2015",2016,20,"0"
"768",2015-10-21,"2015",2016,21,"0"
"769",2015-10-22,"2015",2016,22,"0"
"770",2015-10-23,"2015",2016,23,"0"
"771",2015-10-24,"2015",2016,24,"0"
"772",2015-10-25,"2015",2016,25,"0"
"773",2015-10-26,"2015",2016,26,"0"
"774",2015-10-27,"2015",2016,27,"0"
"775",2015-10-28,"2015",2016,28,"0"
"776",2015-10-29,"2015",2016,29,"0"
"777",2015-10-30,"2015",2016,30,"0"
"778",2015-10-31,"2015",2016,31,"0"
"779",2015-11-01,"2015",2016,32,"0"
"780",2015-11-02,"2015",2016,33,"0"
"781",2015-11-03,"2015",2016,34,"0"
"782",2015-11-04,"2015",2016,35,"0"
"783",2015-11-05,"2015",2016,36,"0"
"784",2015-11-06,"2015",2016,37,"0"
"785",2015-11-07,"2015",2016,38,"0"
"786",2015-11-08,"2015",2016,39,"0"
"787",2015-11-09,"2015",2016,40,"0"
"788",2015-11-10,"2015",2016,41,"0"
"789",2015-11-11,"2015",2016,42,"0"
"790",2015-11-12,"2015",2016,43,"0"
"791",2015-11-13,"2015",2016,44,"0"
"792",2015-11-14,"2015",2016,45,"0"
"793",2015-11-15,"2015",2016,46,"1"
"794",2015-11-16,"2015",2016,47,"1"
"795",2015-11-17,"2015",2016,48,"1"
"796",2015-11-18,"2015",2016,49,"1"
"797",2015-11-19,"2015",2016,50,"1"
"798",2015-11-20,"2015",2016,51,"1"
"799",2015-11-21,"2015",2016,52,"1"
"800",2015-11-22,"2015",2016,53,"1"
"801",2015-11-23,"2015",2016,54,"1"
"802",2015-11-24,"2015",2016,55,"1"
"803",2015-11-25,"2015",2016,56,"1"
"804",2015-11-26,"2015",2016,57,"1"
"805",2015-11-27,"2015",2016,58,"1"
"806",2015-11-28,"2015",2016,59,"1"
"807",2015-11-29,"2015",2016,60,"1"
"808",2015-11-30,"2015",2016,61,"1"
"809",2015-12-01,"2015",2016,62,"1"
"810",2015-12-02,"2015",2016,63,"1"
"811",2015-12-03,"2015",2016,64,"1"
"812",2015-12-04,"2015",2016,65,"1"
"813",2015-12-05,"2015",2016,66,"1"
"814",2015-12-06,"2015",2016,67,"1"
"815",2015-12-07,"2015",2016,68,"1"
"816",2015-12-08,"2015",2016,69,"1"
"817",2015-12-09,"2015",2016,70,"1"
"818",2015-12-10,"2015",2016,71,"1"
"819",2015-12-11,"2015",2016,72,"1"
"820",2015-12-12,"2015",2016,73,"1"
"821",2015-12-13,"2015",2016,74,"1"
"822",2015-12-14,"2015",2016,75,"1"
"823",2015-12-15,"2015",2016,76,"1"
"824",2015-12-16,"2015",2016,77,"1"
"825",2015-12-17,"2015",2016,78,"1"
"826",2015-12-18,"2015",2016,79,"1"
"827",2015-12-19,"2015",2016,80,"1"
"828",2015-12-20,"2015",2016,81,"1"
"829",2015-12-21,"2015",2016,82,"1"
"830",2015-12-22,"2015",2016,83,"1"
"831",2015-12-23,"2015",2016,84,"1"
"832",2015-12-24,"2015",2016,85,"1"
"833",2015-12-25,"2015",2016,86,"1"
"834",2015-12-26,"2015",2016,87,"1"
"835",2015-12-27,"2015",2016,88,"1"
"836",2015-12-28,"2015",2016,89,"1"
"837",2015-12-29,"2015",2016,90,"1"
"838",2015-12-30,"2015",2016,91,"1"
"839",2015-12-31,"2015",2016,92,"1"
"840",2016-01-01,"2016",2016,93,"1"
"841",2016-01-02,"2016",2016,94,"1"
"842",2016-01-03,"2016",2016,95,"1"
"843",2016-01-04,"2016",2016,96,"1"
"844",2016-01-05,"2016",2016,97,"1"
"845",2016-01-06,"2016",2016,98,"1"
"846",2016-01-07,"2016",2016,99,"1"
"847",2016-01-08,"2016",2016,100,"1"
"848",2016-01-09,"2016",2016,101,"1"
"849",2016-01-10,"2016",2016,102,"1"
"850",2016-01-11,"2016",2016,103,"1"
"851",2016-01-12,"2016",2016,104,"1"
"852",2016-01-13,"2016",2016,105,"1"
"853",2016-01-14,"2016",2016,106,"1"
"854",2016-01-15,"2016",2016,107,"1"
"855",2016-01-16,"2016",2016,108,"1"
"856",2016-01-17,"2016",2016,109,"1"
"857",2016-01-18,"2016",2016,110,"1"
"858",2016-01-19,"2016",2016,111,"1"
"859",2016-01-20,"2016",2016,112,"1"
"860",2016-01-21,"2016",2016,113,"1"
"861",2016-01-22,"2016",2016,114,"1"
"862",2016-01-23,"2016",2016,115,"1"
"863",2016-01-24,"2016",2016,116,"1"
"864",2016-01-25,"2016",2016,117,"1"
"865",2016-01-26,"2016",2016,118,"1"
"866",2016-01-27,"2016",2016,119,"1"
"867",2016-01-28,"2016",2016,120,"1"
"868",2016-01-29,"2016",2016,121,"1"
"869",2016-01-30,"2016",2016,122,"1"
"870",2016-01-31,"2016",2016,123,"1"
"871",2016-02-01,"2016",2016,124,"1"
"872",2016-02-02,"2016",2016,125,"1"
"873",2016-02-03,"2016",2016,126,"1"
"874",2016-02-04,"2016",2016,127,"1"
"875",2016-02-05,"2016",2016,128,"1"
"876",2016-02-06,"2016",2016,129,"1"
"877",2016-02-07,"2016",2016,130,"1"
"878",2016-02-08,"2016",2016,131,"1"
"879",2016-02-09,"2016",2016,132,"1"
"880",2016-02-10,"2016",2016,133,"1"
"881",2016-02-11,"2016",2016,134,"1"
"882",2016-02-12,"2016",2016,135,"1"
"883",2016-02-13,"2016",2016,136,"1"
"884",2016-02-14,"2016",2016,137,"1"
"885",2016-02-15,"2016",2016,138,"1"
"886",2016-02-16,"2016",2016,139,"1"
"887",2016-02-17,"2016",2016,140,"1"
"888",2016-02-18,"2016",2016,141,"1"
"889",2016-02-19,"2016",2016,142,"1"
"890",2016-02-20,"2016",2016,143,"1"
"891",2016-02-21,"2016",2016,144,"1"
"892",2016-02-22,"2016",2016,145,"1"
"893",2016-02-23,"2016",2016,146,"1"
"894",2016-02-24,"2016",2016,147,"1"
"895",2016-02-25,"2016",2016,148,"1"
"896",2016-02-26,"2016",2016,149,"1"
"897",2016-02-27,"2016",2016,150,"1"
"898",2016-02-28,"2016",2016,151,"1"
"899",2016-02-29,"2016",2016,152,"1"
"900",2016-03-01,"2016",2016,153,"1"
"901",2016-03-02,"2016",2016,154,"1"
"902",2016-03-03,"2016",2016,155,"1"
"903",2016-03-04,"2016",2016,156,"1"
"904",2016-03-05,"2016",2016,157,"1"
"905",2016-03-06,"2016",2016,158,"1"
"906",2016-03-07,"2016",2016,159,"1"
"907",2016-03-08,"2016",2016,160,"1"
"908",2016-03-09,"2016",2016,161,"1"
"909",2016-03-10,"2016",2016,162,"1"
"910",2016-03-11,"2016",2016,163,"1"
"911",2016-03-12,"2016",2016,164,"1"
"912",2016-03-13,"2016",2016,165,"1"
"913",2016-03-14,"2016",2016,166,"1"
"914",2016-03-15,"2016",2016,167,"1"
"915",2016-03-16,"2016",2016,168,"1"
"916",2016-03-17,"2016",2016,169,"1"
"917",2016-03-18,"2016",2016,170,"1"
"918",2016-03-19,"2016",2016,171,"1"
"919",2016-03-20,"2016",2016,172,"1"
"920",2016-03-21,"2016",2016,173,"1"
"921",2016-03-22,"2016",2016,174,"1"
"922",2016-03-23,"2016",2016,175,"1"
"923",2016-03-24,"2016",2016,176,"1"
"924",2016-03-25,"2016",2016,177,"1"
"925",2016-03-26,"2016",2016,178,"1"
"926",2016-03-27,"2016",2016,179,"1"
"927",2016-03-28,"2016",2016,180,"1"
"928",2016-03-29,"2016",2016,181,"1"
"929",2016-03-30,"2016",2016,182,"1"
"930",2016-03-31,"2016",2016,183,"1"
"931",2016-04-01,"2016",2016,184,"1"
"932",2016-04-02,"2016",2016,185,"1"
"933",2016-04-03,"2016",2016,186,"1"
"934",2016-04-04,"2016",2016,187,"1"
"935",2016-04-05,"2016",2016,188,"1"
"936",2016-04-06,"2016",2016,189,"1"
"937",2016-04-07,"2016",2016,190,"1"
"938",2016-04-08,"2016",2016,191,"1"
"939",2016-04-09,"2016",2016,192,"1"
"940",2016-04-10,"2016",2016,193,"1"
"941",2016-04-11,"2016",2016,194,"1"
"942",2016-04-12,"2016",2016,195,"1"
"943",2016-04-13,"2016",2016,196,"1"
"944",2016-04-14,"2016",2016,197,"1"
"945",2016-04-15,"2016",2016,198,"1"
"946",2016-04-16,"2016",2016,199,"1"
"947",2016-04-17,"2016",2016,200,"1"
"948",2016-04-18,"2016",2016,201,"1"
"949",2016-04-19,"2016",2016,202,"1"
"950",2016-04-20,"2016",2016,203,"1"
"951",2016-04-21,"2016",2016,204,"1"
"952",2016-04-22,"2016",2016,205,"1"
"953",2016-04-23,"2016",2016,206,"1"
"954",2016-04-24,"2016",2016,207,"1"
"955",2016-04-25,"2016",2016,208,"1"
"956",2016-04-26,"2016",2016,209,"1"
"957",2016-04-27,"2016",2016,210,"1"
"958",2016-04-28,"2016",2016,211,"1"
"959",2016-04-29,"2016",2016,212,"1"
"960",2016-04-30,"2016",2016,213,"1"
"961",2016-05-01,"2016",2016,214,"1"
"962",2016-05-02,"2016",2016,215,"1"
"963",2016-05-03,"2016",2016,216,"1"
"964",2016-05-04,"2016",2016,217,"1"
"965",2016-05-05,"2016",2016,218,"1"
"966",2016-05-06,"2016",2016,219,"1"
"967",2016-05-07,"2016",2016,220,"1"
"968",2016-05-08,"2016",2016,221,"1"
"969",2016-05-09,"2016",2016,222,"1"
"970",2016-05-10,"2016",2016,223,"1"
"971",2016-05-11,"2016",2016,224,"1"
"972",2016-05-12,"2016",2016,225,"1"
"973",2016-05-13,"2016",2016,226,"1"
"974",2016-05-14,"2016",2016,227,"1"
"975",2016-05-15,"2016",2016,228,"1"
"976",2016-05-16,"2016",2016,229,"1"
"977",2016-05-17,"2016",2016,230,"1"
"978",2016-05-18,"2016",2016,231,"1"
"979",2016-05-19,"2016",2016,232,"1"
"980",2016-05-20,"2016",2016,233,"1"
"981",2016-05-21,"2016",2016,234,"1"
"982",2016-05-22,"2016",2016,235,"1"
"983",2016-05-23,"2016",2016,236,"1"
"984",2016-05-24,"2016",2016,237,"1"
"985",2016-05-25,"2016",2016,238,"1"
"986",2016-05-26,"2016",2016,239,"1"
"987",2016-05-27,"2016",2016,240,"1"
"988",2016-05-28,"2016",2016,241,"1"
"989",2016-05-29,"2016",2016,242,"1"
"990",2016-05-30,"2016",2016,243,"1"
"991",2016-05-31,"2016",2016,244,"1"
"992",2016-06-01,"2016",2016,245,"1"
"993",2016-06-02,"2016",2016,246,"1"
"994",2016-06-03,"2016",2016,247,"1"
"995",2016-06-04,"2016",2016,248,"1"
"996",2016-06-05,"2016",2016,249,"1"
"997",2016-06-06,"2016",2016,250,"1"
"998",2016-06-07,"2016",2016,251,"0"
"999",2016-06-08,"2016",2016,252,"0"
"1000",2016-06-09,"2016",2016,253,"0"
"1001",2016-06-10,"2016",2016,254,"0"
"1002",2016-06-11,"2016",2016,255,"0"
"1003",2016-06-12,"2016",2016,256,"0"
"1004",2016-06-13,"2016",2016,257,"0"
"1005",2016-06-14,"2016",2016,258,"0"
"1006",2016-06-15,"2016",2016,259,"0"
"1007",2016-06-16,"2016",2016,260,"0"
"1008",2016-06-17,"2016",2016,261,"0"
"1009",2016-06-18,"2016",2016,262,"0"
"1010",2016-06-19,"2016",2016,263,"0"
"1011",2016-06-20,"2016",2016,264,"0"
"1012",2016-06-21,"2016",2016,265,"0"
"1013",2016-06-22,"2016",2016,266,"0"
"1014",2016-06-23,"2016",2016,267,"0"
"1015",2016-06-24,"2016",2016,268,"0"
"1016",2016-06-25,"2016",2016,269,"0"
"1017",2016-06-26,"2016",2016,270,"0"
"1018",2016-06-27,"2016",2016,271,"0"
"1019",2016-06-28,"2016",2016,272,"0"
"1020",2016-06-29,"2016",2016,273,"0"
"1021",2016-06-30,"2016",2016,274,"0"
"1022",2016-07-01,"2016",2016,275,"0"
"1023",2016-07-02,"2016",2016,276,"0"
"1024",2016-07-03,"2016",2016,277,"0"
"1025",2016-07-04,"2016",2016,278,"0"
"1026",2016-07-05,"2016",2016,279,"0"
"1027",2016-07-06,"2016",2016,280,"0"
"1028",2016-07-07,"2016",2016,281,"0"
"1029",2016-07-08,"2016",2016,282,"0"
"1030",2016-07-09,"2016",2016,283,"0"
"1031",2016-07-10,"2016",2016,284,"0"
"1032",2016-07-11,"2016",2016,285,"0"
"1033",2016-07-12,"2016",2016,286,"0"
"1034",2016-07-13,"2016",2016,287,"0"
"1035",2016-07-14,"2016",2016,288,"0"
"1036",2016-07-15,"2016",2016,289,"0"
"1037",2016-07-16,"2016",2016,290,"0"
"1038",2016-07-17,"2016",2016,291,"0"
"1039",2016-07-18,"2016",2016,292,"0"
"1040",2016-07-19,"2016",2016,293,"0"
"1041",2016-07-20,"2016",2016,294,"0"
"1042",2016-07-21,"2016",2016,295,"0"
"1043",2016-07-22,"2016",2016,296,"0"
"1044",2016-07-23,"2016",2016,297,"0"
"1045",2016-07-24,"2016",2016,298,"0"
"1046",2016-07-25,"2016",2016,299,"0"
"1047",2016-07-26,"2016",2016,300,"0"
"1048",2016-07-27,"2016",2016,301,"0"
"1049",2016-07-28,"2016",2016,302,"0"
"1050",2016-07-29,"2016",2016,303,"0"
"1051",2016-07-30,"2016",2016,304,"0"
"1052",2016-07-31,"2016",2016,305,"0"
"1053",2016-08-01,"2016",2016,306,"0"
"1054",2016-08-02,"2016",2016,307,"0"
"1055",2016-08-03,"2016",2016,308,"0"
"1056",2016-08-04,"2016",2016,309,"0"
"1057",2016-08-05,"2016",2016,310,"0"
"1058",2016-08-06,"2016",2016,311,"0"
"1059",2016-08-07,"2016",2016,312,"0"
"1060",2016-08-08,"2016",2016,313,"0"
"1061",2016-08-09,"2016",2016,314,"0"
"1062",2016-08-10,"2016",2016,315,"0"
"1063",2016-08-11,"2016",2016,316,"0"
"1064",2016-08-12,"2016",2016,317,"0"
"1065",2016-08-13,"2016",2016,318,"0"
"1066",2016-08-14,"2016",2016,319,"0"
"1067",2016-08-15,"2016",2016,320,"0"
"1068",2016-08-16,"2016",2016,321,"0"
"1069",2016-08-17,"2016",2016,322,"0"
"1070",2016-08-18,"2016",2016,323,"0"
"1071",2016-08-19,"2016",2016,324,"0"
"1072",2016-08-20,"2016",2016,325,"0"
"1073",2016-08-21,"2016",2016,326,"0"
"1074",2016-08-22,"2016",2016,327,"0"
"1075",2016-08-23,"2016",2016,328,"0"
"1076",2016-08-24,"2016",2016,329,"0"
"1077",2016-08-25,"2016",2016,330,"0"
"1078",2016-08-26,"2016",2016,331,"0"
"1079",2016-08-27,"2016",2016,332,"0"
"1080",2016-08-28,"2016",2016,333,"0"
"1081",2016-08-29,"2016",2016,334,"0"
"1082",2016-08-30,"2016",2016,335,"0"
"1083",2016-08-31,"2016",2016,336,"0"
"1084",2016-09-01,"2016",2016,337,"0"
"1085",2016-09-02,"2016",2016,338,"0"
"1086",2016-09-03,"2016",2016,339,"0"
"1087",2016-09-04,"2016",2016,340,"0"
"1088",2016-09-05,"2016",2016,341,"0"
"1089",2016-09-06,"2016",2016,342,"0"
"1090",2016-09-07,"2016",2016,343,"0"
"1091",2016-09-08,"2016",2016,344,"0"
"1092",2016-09-09,"2016",2016,345,"0"
"1093",2016-09-10,"2016",2016,346,"0"
"1094",2016-09-11,"2016",2016,347,"0"
"1095",2016-09-12,"2016",2016,348,"0"
"1096",2016-09-13,"2016",2016,349,"0"
"1097",2016-09-14,"2016",2016,350,"0"
"1098",2016-09-15,"2016",2016,351,"0"
"1099",2016-09-16,"2016",2016,352,"0"
"1100",2016-09-17,"2016",2016,353,"0"
"1101",2016-09-18,"2016",2016,354,"0"
"1102",2016-09-19,"2016",2016,355,"0"
"1103",2016-09-20,"2016",2016,356,"0"
"1104",2016-09-21,"2016",2016,357,"0"
"1105",2016-09-22,"2016",2016,358,"0"
"1106",2016-09-23,"2016",2016,359,"0"
"1107",2016-09-24,"2016",2016,360,"0"
"1108",2016-09-25,"2016",2016,361,"0"
"1109",2016-09-26,"2016",2016,362,"0"
"1110",2016-09-27,"2016",2016,363,"0"
"1111",2016-09-28,"2016",2016,364,"0"
"1112",2016-09-29,"2016",2016,365,"0"
"1113",2016-09-30,"2016",2016,366,"0"
"1114",2016-10-01,"2016",2017,1,"0"
"1115",2016-10-02,"2016",2017,2,"0"
"1116",2016-10-03,"2016",2017,3,"0"
"1117",2016-10-04,"2016",2017,4,"0"
"1118",2016-10-05,"2016",2017,5,"0"
"1119",2016-10-06,"2016",2017,6,"0"
"1120",2016-10-07,"2016",2017,7,"0"
"1121",2016-10-08,"2016",2017,8,"0"
"1122",2016-10-09,"2016",2017,9,"0"
"1123",2016-10-10,"2016",2017,10,"0"
"1124",2016-10-11,"2016",2017,11,"0"
"1125",2016-10-12,"2016",2017,12,"0"
"1126",2016-10-13,"2016",2017,13,"0"
"1127",2016-10-14,"2016",2017,14,"0"
"1128",2016-10-15,"2016",2017,15,"0"
"1129",2016-10-16,"2016",2017,16,"0"
"1130",2016-10-17,"2016",2017,17,"0"
"1131",2016-10-18,"2016",2017,18,"0"
"1132",2016-10-19,"2016",2017,19,"0"
"1133",2016-10-20,"2016",2017,20,"0"
"1134",2016-10-21,"2016",2017,21,"0"
"1135",2016-10-22,"2016",2017,22,"0"
"1136",2016-10-23,"2016",2017,23,"0"
"1137",2016-10-24,"2016",2017,24,"0"
"1138",2016-10-25,"2016",2017,25,"0"
"1139",2016-10-26,"2016",2017,26,"0"
"1140",2016-10-27,"2016",2017,27,"0"
"1141",2016-10-28,"2016",2017,28,"0"
"1142",2016-10-29,"2016",2017,29,"0"
"1143",2016-10-30,"2016",2017,30,"0"
"1144",2016-10-31,"2016",2017,31,"0"
"1145",2016-11-01,"2016",2017,32,"0"
"1146",2016-11-02,"2016",2017,33,"0"
"1147",2016-11-03,"2016",2017,34,"0"
"1148",2016-11-04,"2016",2017,35,"0"
"1149",2016-11-05,"2016",2017,36,"0"
"1150",2016-11-06,"2016",2017,37,"0"
"1151",2016-11-07,"2016",2017,38,"0"
"1152",2016-11-08,"2016",2017,39,"0"
"1153",2016-11-09,"2016",2017,40,"0"
"1154",2016-11-10,"2016",2017,41,"0"
"1155",2016-11-11,"2016",2017,42,"0"
"1156",2016-11-12,"2016",2017,43,"0"
"1157",2016-11-13,"2016",2017,44,"0"
"1158",2016-11-14,"2016",2017,45,"0"
"1159",2016-11-15,"2016",2017,46,"0"
"1160",2016-11-16,"2016",2017,47,"0"
"1161",2016-11-17,"2016",2017,48,"0"
"1162",2016-11-18,"2016",2017,49,"0"
"1163",2016-11-19,"2016",2017,50,"0"
"1164",2016-11-20,"2016",2017,51,"0"
"1165",2016-11-21,"2016",2017,52,"0"
"1166",2016-11-22,"2016",2017,53,"0"
"1167",2016-11-23,"2016",2017,54,"1"
"1168",2016-11-24,"2016",2017,55,"1"
"1169",2016-11-25,"2016",2017,56,"1"
"1170",2016-11-26,"2016",2017,57,"1"
"1171",2016-11-27,"2016",2017,58,"1"
"1172",2016-11-28,"2016",2017,59,"1"
"1173",2016-11-29,"2016",2017,60,"1"
"1174",2016-11-30,"2016",2017,61,"1"
"1175",2016-12-01,"2016",2017,62,"1"
"1176",2016-12-02,"2016",2017,63,"1"
"1177",2016-12-03,"2016",2017,64,"1"
"1178",2016-12-04,"2016",2017,65,"1"
"1179",2016-12-05,"2016",2017,66,"1"
"1180",2016-12-06,"2016",2017,67,"1"
"1181",2016-12-07,"2016",2017,68,"1"
"1182",2016-12-08,"2016",2017,69,"1"
"1183",2016-12-09,"2016",2017,70,"1"
"1184",2016-12-10,"2016",2017,71,"1"
"1185",2016-12-11,"2016",2017,72,"1"
"1186",2016-12-12,"2016",2017,73,"1"
"1187",2016-12-13,"2016",2017,74,"1"
"1188",2016-12-14,"2016",2017,75,"1"
"1189",2016-12-15,"2016",2017,76,"1"
"1190",2016-12-16,"2016",2017,77,"1"
"1191",2016-12-17,"2016",2017,78,"1"
"1192",2016-12-18,"2016",2017,79,"1"
"1193",2016-12-19,"2016",2017,80,"1"
"1194",2016-12-20,"2016",2017,81,"1"
"1195",2016-12-21,"2016",2017,82,"1"
"1196",2016-12-22,"2016",2017,83,"1"
"1197",2016-12-23,"2016",2017,84,"1"
"1198",2016-12-24,"2016",2017,85,"1"
"1199",2016-12-25,"2016",2017,86,"1"
"1200",2016-12-26,"2016",2017,87,"1"
"1201",2016-12-27,"2016",2017,88,"1"
"1202",2016-12-28,"2016",2017,89,"1"
"1203",2016-12-29,"2016",2017,90,"1"
"1204",2016-12-30,"2016",2017,91,"1"
"1205",2016-12-31,"2016",2017,92,"1"
"1206",2017-01-01,"2017",2017,93,"1"
"1207",2017-01-02,"2017",2017,94,"1"
"1208",2017-01-03,"2017",2017,95,"1"
"1209",2017-01-04,"2017",2017,96,"1"
"1210",2017-01-05,"2017",2017,97,"1"
"1211",2017-01-06,"2017",2017,98,"1"
"1212",2017-01-07,"2017",2017,99,"1"
"1213",2017-01-08,"2017",2017,100,"1"
"1214",2017-01-09,"2017",2017,101,"1"
"1215",2017-01-10,"2017",2017,102,"1"
"1216",2017-01-11,"2017",2017,103,"1"
"1217",2017-01-12,"2017",2017,104,"1"
"1218",2017-01-13,"2017",2017,105,"1"
"1219",2017-01-14,"2017",2017,106,"1"
"1220",2017-01-15,"2017",2017,107,"1"
"1221",2017-01-16,"2017",2017,108,"1"
"1222",2017-01-17,"2017",2017,109,"1"
"1223",2017-01-18,"2017",2017,110,"1"
"1224",2017-01-19,"2017",2017,111,"1"
"1225",2017-01-20,"2017",2017,112,"1"
"1226",2017-01-21,"2017",2017,113,"1"
"1227",2017-01-22,"2017",2017,114,"1"
"1228",2017-01-23,"2017",2017,115,"1"
"1229",2017-01-24,"2017",2017,116,"1"
"1230",2017-01-25,"2017",2017,117,"1"
"1231",2017-01-26,"2017",2017,118,"1"
"1232",2017-01-27,"2017",2017,119,"1"
"1233",2017-01-28,"2017",2017,120,"1"
"1234",2017-01-29,"2017",2017,121,"1"
"1235",2017-01-30,"2017",2017,122,"1"
"1236",2017-01-31,"2017",2017,123,"1"
"1237",2017-02-01,"2017",2017,124,"1"
"1238",2017-02-02,"2017",2017,125,"1"
"1239",2017-02-03,"2017",2017,126,"1"
"1240",2017-02-04,"2017",2017,127,"1"
"1241",2017-02-05,"2017",2017,128,"1"
"1242",2017-02-06,"2017",2017,129,"1"
"1243",2017-02-07,"2017",2017,130,"1"
"1244",2017-02-08,"2017",2017,131,"1"
"1245",2017-02-09,"2017",2017,132,"1"
"1246",2017-02-10,"2017",2017,133,"1"
"1247",2017-02-11,"2017",2017,134,"1"
"1248",2017-02-12,"2017",2017,135,"1"
"1249",2017-02-13,"2017",2017,136,"1"
"1250",2017-02-14,"2017",2017,137,"1"
"1251",2017-02-15,"2017",2017,138,"1"
"1252",2017-02-16,"2017",2017,139,"1"
"1253",2017-02-17,"2017",2017,140,"1"
"1254",2017-02-18,"2017",2017,141,"1"
"1255",2017-02-19,"2017",2017,142,"1"
"1256",2017-02-20,"2017",2017,143,"1"
"1257",2017-02-21,"2017",2017,144,"1"
"1258",2017-02-22,"2017",2017,145,"1"
"1259",2017-02-23,"2017",2017,146,"1"
"1260",2017-02-24,"2017",2017,147,"1"
"1261",2017-02-25,"2017",2017,148,"1"
"1262",2017-02-26,"2017",2017,149,"1"
"1263",2017-02-27,"2017",2017,150,"1"
"1264",2017-02-28,"2017",2017,151,"1"
"1265",2017-03-01,"2017",2017,152,"1"
"1266",2017-03-02,"2017",2017,153,"1"
"1267",2017-03-03,"2017",2017,154,"1"
"1268",2017-03-04,"2017",2017,155,"1"
"1269",2017-03-05,"2017",2017,156,"1"
"1270",2017-03-06,"2017",2017,157,"1"
"1271",2017-03-07,"2017",2017,158,"1"
"1272",2017-03-08,"2017",2017,159,"1"
"1273",2017-03-09,"2017",2017,160,"1"
"1274",2017-03-10,"2017",2017,161,"1"
"1275",2017-03-11,"2017",2017,162,"1"
"1276",2017-03-12,"2017",2017,163,"1"
"1277",2017-03-13,"2017",2017,164,"1"
"1278",2017-03-14,"2017",2017,165,"1"
"1279",2017-03-15,"2017",2017,166,"1"
"1280",2017-03-16,"2017",2017,167,"1"
"1281",2017-03-17,"2017",2017,168,"1"
"1282",2017-03-18,"2017",2017,169,"1"
"1283",2017-03-19,"2017",2017,170,"1"
"1284",2017-03-20,"2017",2017,171,"1"
"1285",2017-03-21,"2017",2017,172,"1"
"1286",2017-03-22,"2017",2017,173,"1"
"1287",2017-03-23,"2017",2017,174,"1"
"1288",2017-03-24,"2017",2017,175,"1"
"1289",2017-03-25,"2017",2017,176,"1"
"1290",2017-03-26,"2017",2017,177,"1"
"1291",2017-03-27,"2017",2017,178,"1"
"1292",2017-03-28,"2017",2017,179,"1"
"1293",2017-03-29,"2017",2017,180,"1"
"1294",2017-03-30,"2017",2017,181,"1"
"1295",2017-03-31,"2017",2017,182,"1"
"1296",2017-04-01,"2017",2017,183,"1"
"1297",2017-04-02,"2017",2017,184,"1"
"1298",2017-04-03,"2017",2017,185,"1"
"1299",2017-04-04,"2017",2017,186,"1"
"1300",2017-04-05,"2017",2017,187,"1"
"1301",2017-04-06,"2017",2017,188,"1"
"1302",2017-04-07,"2017",2017,189,"1"
"1303",2017-04-08,"2017",2017,190,"1"
"1304",2017-04-09,"2017",2017,191,"1"
"1305",2017-04-10,"2017",2017,192,"1"
"1306",2017-04-11,"2017",2017,193,"1"
"1307",2017-04-12,"2017",2017,194,"1"
"1308",2017-04-13,"2017",2017,195,"1"
"1309",2017-04-14,"2017",2017,196,"1"
"1310",2017-04-15,"2017",2017,197,"1"
"1311",2017-04-16,"2017",2017,198,"1"
"1312",2017-04-17,"2017",2017,199,"1"
"1313",2017-04-18,"2017",2017,200,"1"
"1314",2017-04-19,"2017",2017,201,"1"
"1315",2017-04-20,"2017",2017,202,"1"
"1316",2017-04-21,"2017",2017,203,"1"
"1317",2017-04-22,"2017",2017,204,"1"
"1318",2017-04-23,"2017",2017,205,"1"
"1319",2017-04-24,"2017",2017,206,"1"
"1320",2017-04-25,"2017",2017,207,"1"
"1321",2017-04-26,"2017",2017,208,"1"
"1322",2017-04-27,"2017",2017,209,"1"
"1323",2017-04-28,"2017",2017,210,"1"
"1324",2017-04-29,"2017",2017,211,"1"
"1325",2017-04-30,"2017",2017,212,"1"
"1326",2017-05-01,"2017",2017,213,"1"
"1327",2017-05-02,"2017",2017,214,"1"
"1328",2017-05-03,"2017",2017,215,"1"
"1329",2017-05-04,"2017",2017,216,"1"
"1330",2017-05-05,"2017",2017,217,"1"
"1331",2017-05-06,"2017",2017,218,"1"
"1332",2017-05-07,"2017",2017,219,"1"
"1333",2017-05-08,"2017",2017,220,"1"
"1334",2017-05-09,"2017",2017,221,"1"
"1335",2017-05-10,"2017",2017,222,"1"
"1336",2017-05-11,"2017",2017,223,"1"
"1337",2017-05-12,"2017",2017,224,"1"
"1338",2017-05-13,"2017",2017,225,"1"
"1339",2017-05-14,"2017",2017,226,"1"
"1340",2017-05-15,"2017",2017,227,"1"
"1341",2017-05-16,"2017",2017,228,"1"
"1342",2017-05-17,"2017",2017,229,"1"
"1343",2017-05-18,"2017",2017,230,"1"
"1344",2017-05-19,"2017",2017,231,"1"
"1345",2017-05-20,"2017",2017,232,"1"
"1346",2017-05-21,"2017",2017,233,"1"
"1347",2017-05-22,"2017",2017,234,"1"
"1348",2017-05-23,"2017",2017,235,"1"
"1349",2017-05-24,"2017",2017,236,"1"
"1350",2017-05-25,"2017",2017,237,"1"
"1351",2017-05-26,"2017",2017,238,"1"
"1352",2017-05-27,"2017",2017,239,"1"
"1353",2017-05-28,"2017",2017,240,"1"
"1354",2017-05-29,"2017",2017,241,"1"
"1355",2017-05-30,"2017",2017,242,"1"
"1356",2017-05-31,"2017",2017,243,"0"
"1357",2017-06-01,"2017",2017,244,"0"
"1358",2017-06-02,"2017",2017,245,"0"
"1359",2017-06-03,"2017",2017,246,"0"
"1360",2017-06-04,"2017",2017,247,"0"
"1361",2017-06-05,"2017",2017,248,"0"
"1362",2017-06-06,"2017",2017,249,"0"
"1363",2017-06-07,"2017",2017,250,"0"
"1364",2017-06-08,"2017",2017,251,"0"
"1365",2017-06-09,"2017",2017,252,"0"
"1366",2017-06-10,"2017",2017,253,"0"
"1367",2017-06-11,"2017",2017,254,"0"
"1368",2017-06-12,"2017",2017,255,"0"
"1369",2017-06-13,"2017",2017,256,"0"
"1370",2017-06-14,"2017",2017,257,"0"
"1371",2017-06-15,"2017",2017,258,"0"
"1372",2017-06-16,"2017",2017,259,"0"
"1373",2017-06-17,"2017",2017,260,"0"
"1374",2017-06-18,"2017",2017,261,"0"
"1375",2017-06-19,"2017",2017,262,"0"
"1376",2017-06-20,"2017",2017,263,"0"
"1377",2017-06-21,"2017",2017,264,"0"
"1378",2017-06-22,"2017",2017,265,"0"
"1379",2017-06-23,"2017",2017,266,"0"
"1380",2017-06-24,"2017",2017,267,"0"
"1381",2017-06-25,"2017",2017,268,"0"
"1382",2017-06-26,"2017",2017,269,"0"
"1383",2017-06-27,"2017",2017,270,"0"
"1384",2017-06-28,"2017",2017,271,"0"
"1385",2017-06-29,"2017",2017,272,"0"
"1386",2017-06-30,"2017",2017,273,"0"
"1387",2017-07-01,"2017",2017,274,"0"
"1388",2017-07-02,"2017",2017,275,"0"
"1389",2017-07-03,"2017",2017,276,"0"
"1390",2017-07-04,"2017",2017,277,"0"
"1391",2017-07-05,"2017",2017,278,"0"
"1392",2017-07-06,"2017",2017,279,"0"
"1393",2017-07-07,"2017",2017,280,"0"
"1394",2017-07-08,"2017",2017,281,"0"
"1395",2017-07-09,"2017",2017,282,"0"
"1396",2017-07-10,"2017",2017,283,"0"
"1397",2017-07-11,"2017",2017,284,"0"
"1398",2017-07-12,"2017",2017,285,"0"
"1399",2017-07-13,"2017",2017,286,"0"
"1400",2017-07-14,"2017",2017,287,"0"
"1401",2017-07-15,"2017",2017,288,"0"
"1402",2017-07-16,"2017",2017,289,"0"
"1403",2017-07-17,"2017",2017,290,"0"
"1404",2017-07-18,"2017",2017,291,"0"
"1405",2017-07-19,"2017",2017,292,"0"
"1406",2017-07-20,"2017",2017,293,"0"
"1407",2017-07-21,"2017",2017,294,"0"
"1408",2017-07-22,"2017",2017,295,"0"
"1409",2017-07-23,"2017",2017,296,"0"
"1410",2017-07-24,"2017",2017,297,"0"
"1411",2017-07-25,"2017",2017,298,"0"
"1412",2017-07-26,"2017",2017,299,"0"
"1413",2017-07-27,"2017",2017,300,"0"
"1414",2017-07-28,"2017",2017,301,"0"
"1415",2017-07-29,"2017",2017,302,"0"
"1416",2017-07-30,"2017",2017,303,"0"
"1417",2017-07-31,"2017",2017,304,"0"
"1418",2017-08-01,"2017",2017,305,"0"
"1419",2017-08-02,"2017",2017,306,"0"
"1420",2017-08-03,"2017",2017,307,"0"
"1421",2017-08-04,"2017",2017,308,"0"
"1422",2017-08-05,"2017",2017,309,"0"
"1423",2017-08-06,"2017",2017,310,"0"
"1424",2017-08-07,"2017",2017,311,"0"
"1425",2017-08-08,"2017",2017,312,"0"
"1426",2017-08-09,"2017",2017,313,"0"
"1427",2017-08-10,"2017",2017,314,"0"
"1428",2017-08-11,"2017",2017,315,"0"
"1429",2017-08-12,"2017",2017,316,"0"
"1430",2017-08-13,"2017",2017,317,"0"
"1431",2017-08-14,"2017",2017,318,"0"
"1432",2017-08-15,"2017",2017,319,"0"
"1433",2017-08-16,"2017",2017,320,"0"
"1434",2017-08-17,"2017",2017,321,"0"
"1435",2017-08-18,"2017",2017,322,"0"
"1436",2017-08-19,"2017",2017,323,"0"
"1437",2017-08-20,"2017",2017,324,"0"
"1438",2017-08-21,"2017",2017,325,"0"
"1439",2017-08-22,"2017",2017,326,"0"
"1440",2017-08-23,"2017",2017,327,"0"
"1441",2017-08-24,"2017",2017,328,"0"
"1442",2017-08-25,"2017",2017,329,"0"
"1443",2017-08-26,"2017",2017,330,"0"
"1444",2017-08-27,"2017",2017,331,"0"
"1445",2017-08-28,"2017",2017,332,"0"
"1446",2017-08-29,"2017",2017,333,"0"
"1447",2017-08-30,"2017",2017,334,"0"
"1448",2017-08-31,"2017",2017,335,"0"
"1449",2017-09-01,"2017",2017,336,"0"
"1450",2017-09-02,"2017",2017,337,"0"
"1451",2017-09-03,"2017",2017,338,"0"
"1452",2017-09-04,"2017",2017,339,"0"
"1453",2017-09-05,"2017",2017,340,"0"
"1454",2017-09-06,"2017",2017,341,"0"
"1455",2017-09-07,"2017",2017,342,"0"
"1456",2017-09-08,"2017",2017,343,"0"
"1457",2017-09-09,"2017",2017,344,"0"
"1458",2017-09-10,"2017",2017,345,"0"
"1459",2017-09-11,"2017",2017,346,"0"
"1460",2017-09-12,"2017",2017,347,"0"
"1461",2017-09-13,"2017",2017,348,"0"
"1462",2017-09-14,"2017",2017,349,"0"
"1463",2017-09-15,"2017",2017,350,"0"
"1464",2017-09-16,"2017",2017,351,"0"
"1465",2017-09-17,"2017",2017,352,"0"
"1466",2017-09-18,"2017",2017,353,"0"
"1467",2017-09-19,"2017",2017,354,"0"
"1468",2017-09-20,"2017",2017,355,"0"
"1469",2017-09-21,"2017",2017,356,"0"
"1470",2017-09-22,"2017",2017,357,"0"
"1471",2017-09-23,"2017",2017,358,"0"
"1472",2017-09-24,"2017",2017,359,"0"
"1473",2017-09-25,"2017",2017,360,"0"
"1474",2017-09-26,"2017",2017,361,"0"
"1475",2017-09-27,"2017",2017,362,"0"
"1476",2017-09-28,"2017",2017,363,"0"
"1477",2017-09-29,"2017",2017,364,"0"
"1478",2017-09-30,"2017",2017,365,"0"
"1479",2017-10-01,"2017",2018,1,"0"
"1480",2017-10-02,"2017",2018,2,"0"
"1481",2017-10-03,"2017",2018,3,"0"
"1482",2017-10-04,"2017",2018,4,"0"
"1483",2017-10-05,"2017",2018,5,"0"
"1484",2017-10-06,"2017",2018,6,"0"
"1485",2017-10-07,"2017",2018,7,"0"
"1486",2017-10-08,"2017",2018,8,"0"
"1487",2017-10-09,"2017",2018,9,"0"
"1488",2017-10-10,"2017",2018,10,"0"
"1489",2017-10-11,"2017",2018,11,"0"
"1490",2017-10-12,"2017",2018,12,"0"
"1491",2017-10-13,"2017",2018,13,"0"
"1492",2017-10-14,"2017",2018,14,"0"
"1493",2017-10-15,"2017",2018,15,"0"
"1494",2017-10-16,"2017",2018,16,"0"
"1495",2017-10-17,"2017",2018,17,"0"
"1496",2017-10-18,"2017",2018,18,"0"
"1497",2017-10-19,"2017",2018,19,"0"
"1498",2017-10-20,"2017",2018,20,"0"
"1499",2017-10-21,"2017",2018,21,"0"
"1500",2017-10-22,"2017",2018,22,"0"
"1501",2017-10-23,"2017",2018,23,"0"
"1502",2017-10-24,"2017",2018,24,"0"
"1503",2017-10-25,"2017",2018,25,"0"
"1504",2017-10-26,"2017",2018,26,"0"
"1505",2017-10-27,"2017",2018,27,"0"
"1506",2017-10-28,"2017",2018,28,"0"
"1507",2017-10-29,"2017",2018,29,"0"
"1508",2017-10-30,"2017",2018,30,"0"
"1509",2017-10-31,"2017",2018,31,"0"
"1510",2017-11-01,"2017",2018,32,"0"
"1511",2017-11-02,"2017",2018,33,"0"
"1512",2017-11-03,"2017",2018,34,"0"
"1513",2017-11-04,"2017",2018,35,"0"
"1514",2017-11-05,"2017",2018,36,"0"
"1515",2017-11-06,"2017",2018,37,"0"
"1516",2017-11-07,"2017",2018,38,"0"
"1517",2017-11-08,"2017",2018,39,"0"
"1518",2017-11-09,"2017",2018,40,"1"
"1519",2017-11-10,"2017",2018,41,"1"
"1520",2017-11-11,"2017",2018,42,"1"
"1521",2017-11-12,"2017",2018,43,"1"
"1522",2017-11-13,"2017",2018,44,"1"
"1523",2017-11-14,"2017",2018,45,"1"
"1524",2017-11-15,"2017",2018,46,"1"
"1525",2017-11-16,"2017",2018,47,"1"
"1526",2017-11-17,"2017",2018,48,"1"
"1527",2017-11-18,"2017",2018,49,"1"
"1528",2017-11-19,"2017",2018,50,"1"
"1529",2017-11-20,"2017",2018,51,"1"
"1530",2017-11-21,"2017",2018,52,"1"
"1531",2017-11-22,"2017",2018,53,"1"
"1532",2017-11-23,"2017",2018,54,"1"
"1533",2017-11-24,"2017",2018,55,"1"
"1534",2017-11-25,"2017",2018,56,"1"
"1535",2017-11-26,"2017",2018,57,"1"
"1536",2017-11-27,"2017",2018,58,"1"
"1537",2017-11-28,"2017",2018,59,"1"
"1538",2017-11-29,"2017",2018,60,"1"
"1539",2017-11-30,"2017",2018,61,"1"
"1540",2017-12-01,"2017",2018,62,"1"
"1541",2017-12-02,"2017",2018,63,"1"
"1542",2017-12-03,"2017",2018,64,"1"
"1543",2017-12-04,"2017",2018,65,"1"
"1544",2017-12-05,"2017",2018,66,"1"
"1545",2017-12-06,"2017",2018,67,"1"
"1546",2017-12-07,"2017",2018,68,"1"
"1547",2017-12-08,"2017",2018,69,"1"
"1548",2017-12-09,"2017",2018,70,"1"
"1549",2017-12-10,"2017",2018,71,"1"
"1550",2017-12-11,"2017",2018,72,"1"
"1551",2017-12-12,"2017",2018,73,"1"
"1552",2017-12-13,"2017",2018,74,"1"
"1553",2017-12-14,"2017",2018,75,"1"
"1554",2017-12-15,"2017",2018,76,"1"
"1555",2017-12-16,"2017",2018,77,"1"
"1556",2017-12-17,"2017",2018,78,"1"
"1557",2017-12-18,"2017",2018,79,"1"
"1558",2017-12-19,"2017",2018,80,"1"
"1559",2017-12-20,"2017",2018,81,"1"
"1560",2017-12-21,"2017",2018,82,"1"
"1561",2017-12-22,"2017",2018,83,"1"
"1562",2017-12-23,"2017",2018,84,"1"
"1563",2017-12-24,"2017",2018,85,"1"
"1564",2017-12-25,"2017",2018,86,"1"
"1565",2017-12-26,"2017",2018,87,"1"
"1566",2017-12-27,"2017",2018,88,"1"
"1567",2017-12-28,"2017",2018,89,"1"
"1568",2017-12-29,"2017",2018,90,"1"
"1569",2017-12-30,"2017",2018,91,"1"
"1570",2017-12-31,"2017",2018,92,"1"
"1571",2018-01-01,"2018",2018,93,"1"
"1572",2018-01-02,"2018",2018,94,"1"
"1573",2018-01-03,"2018",2018,95,"1"
"1574",2018-01-04,"2018",2018,96,"1"
"1575",2018-01-05,"2018",2018,97,"1"
"1576",2018-01-06,"2018",2018,98,"1"
"1577",2018-01-07,"2018",2018,99,"1"
"1578",2018-01-08,"2018",2018,100,"1"
"1579",2018-01-09,"2018",2018,101,"1"
"1580",2018-01-10,"2018",2018,102,"1"
"1581",2018-01-11,"2018",2018,103,"1"
"1582",2018-01-12,"2018",2018,104,"1"
"1583",2018-01-13,"2018",2018,105,"1"
"1584",2018-01-14,"2018",2018,106,"1"
"1585",2018-01-15,"2018",2018,107,"1"
"1586",2018-01-16,"2018",2018,108,"1"
"1587",2018-01-17,"2018",2018,109,"1"
"1588",2018-01-18,"2018",2018,110,"1"
"1589",2018-01-19,"2018",2018,111,"1"
"1590",2018-01-20,"2018",2018,112,"1"
"1591",2018-01-21,"2018",2018,113,"1"
"1592",2018-01-22,"2018",2018,114,"1"
"1593",2018-01-23,"2018",2018,115,"1"
"1594",2018-01-24,"2018",2018,116,"1"
"1595",2018-01-25,"2018",2018,117,"1"
"1596",2018-01-26,"2018",2018,118,"1"
"1597",2018-01-27,"2018",2018,119,"1"
"1598",2018-01-28,"2018",2018,120,"1"
"1599",2018-01-29,"2018",2018,121,"1"
"1600",2018-01-30,"2018",2018,122,"1"
"1601",2018-01-31,"2018",2018,123,"1"
"1602",2018-02-01,"2018",2018,124,"1"
"1603",2018-02-02,"2018",2018,125,"1"
"1604",2018-02-03,"2018",2018,126,"1"
"1605",2018-02-04,"2018",2018,127,"1"
"1606",2018-02-05,"2018",2018,128,"1"
"1607",2018-02-06,"2018",2018,129,"1"
"1608",2018-02-07,"2018",2018,130,"1"
"1609",2018-02-08,"2018",2018,131,"1"
"1610",2018-02-09,"2018",2018,132,"1"
"1611",2018-02-10,"2018",2018,133,"1"
"1612",2018-02-11,"2018",2018,134,"1"
"1613",2018-02-12,"2018",2018,135,"1"
"1614",2018-02-13,"2018",2018,136,"1"
"1615",2018-02-14,"2018",2018,137,"1"
"1616",2018-02-15,"2018",2018,138,"1"
"1617",2018-02-16,"2018",2018,139,"1"
"1618",2018-02-17,"2018",2018,140,"1"
"1619",2018-02-18,"2018",2018,141,"1"
"1620",2018-02-19,"2018",2018,142,"1"
"1621",2018-02-20,"2018",2018,143,"1"
"1622",2018-02-21,"2018",2018,144,"1"
"1623",2018-02-22,"2018",2018,145,"1"
"1624",2018-02-23,"2018",2018,146,"1"
"1625",2018-02-24,"2018",2018,147,"1"
"1626",2018-02-25,"2018",2018,148,"1"
"1627",2018-02-26,"2018",2018,149,"1"
"1628",2018-02-27,"2018",2018,150,"1"
"1629",2018-02-28,"2018",2018,151,"1"
"1630",2018-03-01,"2018",2018,152,"1"
"1631",2018-03-02,"2018",2018,153,"1"
"1632",2018-03-03,"2018",2018,154,"1"
"1633",2018-03-04,"2018",2018,155,"1"
"1634",2018-03-05,"2018",2018,156,"1"
"1635",2018-03-06,"2018",2018,157,"1"
"1636",2018-03-07,"2018",2018,158,"1"
"1637",2018-03-08,"2018",2018,159,"1"
"1638",2018-03-09,"2018",2018,160,"1"
"1639",2018-03-10,"2018",2018,161,"1"
"1640",2018-03-11,"2018",2018,162,"1"
"1641",2018-03-12,"2018",2018,163,"1"
"1642",2018-03-13,"2018",2018,164,"1"
"1643",2018-03-14,"2018",2018,165,"1"
"1644",2018-03-15,"2018",2018,166,"1"
"1645",2018-03-16,"2018",2018,167,"1"
"1646",2018-03-17,"2018",2018,168,"1"
"1647",2018-03-18,"2018",2018,169,"1"
"1648",2018-03-19,"2018",2018,170,"1"
"1649",2018-03-20,"2018",2018,171,"1"
"1650",2018-03-21,"2018",2018,172,"1"
"1651",2018-03-22,"2018",2018,173,"1"
"1652",2018-03-23,"2018",2018,174,"1"
"1653",2018-03-24,"2018",2018,175,"1"
"1654",2018-03-25,"2018",2018,176,"1"
"1655",2018-03-26,"2018",2018,177,"1"
"1656",2018-03-27,"2018",2018,178,"1"
"1657",2018-03-28,"2018",2018,179,"1"
"1658",2018-03-29,"2018",2018,180,"1"
"1659",2018-03-30,"2018",2018,181,"1"
"1660",2018-03-31,"2018",2018,182,"1"
"1661",2018-04-01,"2018",2018,183,"1"
"1662",2018-04-02,"2018",2018,184,"1"
"1663",2018-04-03,"2018",2018,185,"1"
"1664",2018-04-04,"2018",2018,186,"1"
"1665",2018-04-05,"2018",2018,187,"1"
"1666",2018-04-06,"2018",2018,188,"1"
"1667",2018-04-07,"2018",2018,189,"1"
"1668",2018-04-08,"2018",2018,190,"1"
"1669",2018-04-09,"2018",2018,191,"1"
"1670",2018-04-10,"2018",2018,192,"1"
"1671",2018-04-11,"2018",2018,193,"1"
"1672",2018-04-12,"2018",2018,194,"1"
"1673",2018-04-13,"2018",2018,195,"1"
"1674",2018-04-14,"2018",2018,196,"1"
"1675",2018-04-15,"2018",2018,197,"1"
"1676",2018-04-16,"2018",2018,198,"1"
"1677",2018-04-17,"2018",2018,199,"1"
"1678",2018-04-18,"2018",2018,200,"1"
"1679",2018-04-19,"2018",2018,201,"1"
"1680",2018-04-20,"2018",2018,202,"1"
"1681",2018-04-21,"2018",2018,203,"1"
"1682",2018-04-22,"2018",2018,204,"1"
"1683",2018-04-23,"2018",2018,205,"1"
"1684",2018-04-24,"2018",2018,206,"1"
"1685",2018-04-25,"2018",2018,207,"1"
"1686",2018-04-26,"2018",2018,208,"1"
"1687",2018-04-27,"2018",2018,209,"1"
"1688",2018-04-28,"2018",2018,210,"1"
"1689",2018-04-29,"2018",2018,211,"1"
"1690",2018-04-30,"2018",2018,212,"1"
"1691",2018-05-01,"2018",2018,213,"1"
"1692",2018-05-02,"2018",2018,214,"1"
"1693",2018-05-03,"2018",2018,215,"1"
"1694",2018-05-04,"2018",2018,216,"1"
"1695",2018-05-05,"2018",2018,217,"1"
"1696",2018-05-06,"2018",2018,218,"1"
"1697",2018-05-07,"2018",2018,219,"1"
"1698",2018-05-08,"2018",2018,220,"1"
"1699",2018-05-09,"2018",2018,221,"1"
"1700",2018-05-10,"2018",2018,222,"1"
"1701",2018-05-11,"2018",2018,223,"1"
"1702",2018-05-12,"2018",2018,224,"1"
"1703",2018-05-13,"2018",2018,225,"1"
"1704",2018-05-14,"2018",2018,226,"1"
"1705",2018-05-15,"2018",2018,227,"1"
"1706",2018-05-16,"2018",2018,228,"1"
"1707",2018-05-17,"2018",2018,229,"1"
"1708",2018-05-18,"2018",2018,230,"1"
"1709",2018-05-19,"2018",2018,231,"1"
"1710",2018-05-20,"2018",2018,232,"1"
"1711",2018-05-21,"2018",2018,233,"1"
"1712",2018-05-22,"2018",2018,234,"1"
"1713",2018-05-23,"2018",2018,235,"0"
"1714",2018-05-24,"2018",2018,236,"0"
"1715",2018-05-25,"2018",2018,237,"0"
"1716",2018-05-26,"2018",2018,238,"0"
"1717",2018-05-27,"2018",2018,239,"0"
"1718",2018-05-28,"2018",2018,240,"0"
"1719",2018-05-29,"2018",2018,241,"0"
"1720",2018-05-30,"2018",2018,242,"0"
"1721",2018-05-31,"2018",2018,243,"0"
"1722",2018-06-01,"2018",2018,244,"0"
"1723",2018-06-02,"2018",2018,245,"0"
"1724",2018-06-03,"2018",2018,246,"0"
"1725",2018-06-04,"2018",2018,247,"0"
"1726",2018-06-05,"2018",2018,248,"0"
"1727",2018-06-06,"2018",2018,249,"0"
"1728",2018-06-07,"2018",2018,250,"0"
"1729",2018-06-08,"2018",2018,251,"0"
"1730",2018-06-09,"2018",2018,252,"0"
"1731",2018-06-10,"2018",2018,253,"0"
"1732",2018-06-11,"2018",2018,254,"0"
"1733",2018-06-12,"2018",2018,255,"0"
"1734",2018-06-13,"2018",2018,256,"0"
"1735",2018-06-14,"2018",2018,257,"0"
"1736",2018-06-15,"2018",2018,258,"0"
"1737",2018-06-16,"2018",2018,259,"0"
"1738",2018-06-17,"2018",2018,260,"0"
"1739",2018-06-18,"2018",2018,261,"0"
"1740",2018-06-19,"2018",2018,262,"0"
"1741",2018-06-20,"2018",2018,263,"0"
"1742",2018-06-21,"2018",2018,264,"0"
"1743",2018-06-22,"2018",2018,265,"0"
"1744",2018-06-23,"2018",2018,266,"0"
"1745",2018-06-24,"2018",2018,267,"0"
"1746",2018-06-25,"2018",2018,268,"0"
"1747",2018-06-26,"2018",2018,269,"0"
"1748",2018-06-27,"2018",2018,270,"0"
"1749",2018-06-28,"2018",2018,271,"0"
"1750",2018-06-29,"2018",2018,272,"0"
"1751",2018-06-30,"2018",2018,273,"0"
"1752",2018-07-01,"2018",2018,274,"0"
"1753",2018-07-02,"2018",2018,275,"0"
"1754",2018-07-03,"2018",2018,276,"0"
"1755",2018-07-04,"2018",2018,277,"0"
"1756",2018-07-05,"2018",2018,278,"0"
"1757",2018-07-06,"2018",2018,279,"0"
"1758",2018-07-07,"2018",2018,280,"0"
"1759",2018-07-08,"2018",2018,281,"0"
"1760",2018-07-09,"2018",2018,282,"0"
"1761",2018-07-10,"2018",2018,283,"0"
"1762",2018-07-11,"2018",2018,284,"0"
"1763",2018-07-12,"2018",2018,285,"0"
"1764",2018-07-13,"2018",2018,286,"0"
"1765",2018-07-14,"2018",2018,287,"0"
"1766",2018-07-15,"2018",2018,288,"0"
"1767",2018-07-16,"2018",2018,289,"0"
"1768",2018-07-17,"2018",2018,290,"0"
"1769",2018-07-18,"2018",2018,291,"0"
"1770",2018-07-19,"2018",2018,292,"0"
"1771",2018-07-20,"2018",2018,293,"0"
"1772",2018-07-21,"2018",2018,294,"0"
"1773",2018-07-22,"2018",2018,295,"0"
"1774",2018-07-23,"2018",2018,296,"0"
"1775",2018-07-24,"2018",2018,297,"0"
"1776",2018-07-25,"2018",2018,298,"0"
"1777",2018-07-26,"2018",2018,299,"0"
"1778",2018-07-27,"2018",2018,300,"0"
"1779",2018-07-28,"2018",2018,301,"0"
"1780",2018-07-29,"2018",2018,302,"0"
"1781",2018-07-30,"2018",2018,303,"0"
"1782",2018-07-31,"2018",2018,304,"0"
"1783",2018-08-01,"2018",2018,305,"0"
"1784",2018-08-02,"2018",2018,306,"0"
"1785",2018-08-03,"2018",2018,307,"0"
"1786",2018-08-04,"2018",2018,308,"0"
"1787",2018-08-05,"2018",2018,309,"0"
"1788",2018-08-06,"2018",2018,310,"0"
"1789",2018-08-07,"2018",2018,311,"0"
"1790",2018-08-08,"2018",2018,312,"0"
"1791",2018-08-09,"2018",2018,313,"0"
"1792",2018-08-10,"2018",2018,314,"0"
"1793",2018-08-11,"2018",2018,315,"0"
"1794",2018-08-12,"2018",2018,316,"0"
"1795",2018-08-13,"2018",2018,317,"0"
"1796",2018-08-14,"2018",2018,318,"0"
"1797",2018-08-15,"2018",2018,319,"0"
"1798",2018-08-16,"2018",2018,320,"0"
"1799",2018-08-17,"2018",2018,321,"0"
"1800",2018-08-18,"2018",2018,322,"0"
"1801",2018-08-19,"2018",2018,323,"0"
"1802",2018-08-20,"2018",2018,324,"0"
"1803",2018-08-21,"2018",2018,325,"0"
"1804",2018-08-22,"2018",2018,326,"0"
"1805",2018-08-23,"2018",2018,327,"0"
"1806",2018-08-24,"2018",2018,328,"0"
"1807",2018-08-25,"2018",2018,329,"0"
"1808",2018-08-26,"2018",2018,330,"0"
"1809",2018-08-27,"2018",2018,331,"0"
"1810",2018-08-28,"2018",2018,332,"0"
"1811",2018-08-29,"2018",2018,333,"0"
"1812",2018-08-30,"2018",2018,334,"0"
"1813",2018-08-31,"2018",2018,335,"0"
"1814",2018-09-01,"2018",2018,336,"0"
"1815",2018-09-02,"2018",2018,337,"0"
"1816",2018-09-03,"2018",2018,338,"0"
"1817",2018-09-04,"2018",2018,339,"0"
"1818",2018-09-05,"2018",2018,340,"0"
"1819",2018-09-06,"2018",2018,341,"0"
"1820",2018-09-07,"2018",2018,342,"0"
"1821",2018-09-08,"2018",2018,343,"0"
"1822",2018-09-09,"2018",2018,344,"0"
"1823",2018-09-10,"2018",2018,345,"0"
"1824",2018-09-11,"2018",2018,346,"0"
"1825",2018-09-12,"2018",2018,347,"0"
"1826",2018-09-13,"2018",2018,348,"0"
"1827",2018-09-14,"2018",2018,349,"0"
"1828",2018-09-15,"2018",2018,350,"0"
"1829",2018-09-16,"2018",2018,351,"0"
"1830",2018-09-17,"2018",2018,352,"0"
"1831",2018-09-18,"2018",2018,353,"0"
"1832",2018-09-19,"2018",2018,354,"0"
"1833",2018-09-20,"2018",2018,355,"0"
"1834",2018-09-21,"2018",2018,356,"0"
"1835",2018-09-22,"2018",2018,357,"0"
"1836",2018-09-23,"2018",2018,358,"0"
"1837",2018-09-24,"2018",2018,359,"0"
"1838",2018-09-25,"2018",2018,360,"0"
"1839",2018-09-26,"2018",2018,361,"0"
"1840",2018-09-27,"2018",2018,362,"0"
"1841",2018-09-28,"2018",2018,363,"0"
"1842",2018-09-29,"2018",2018,364,"0"
"1843",2018-09-30,"2018",2018,365,"0"
"1844",2018-10-01,"2018",2019,1,"0"
"1845",2018-10-02,"2018",2019,2,"0"
"1846",2018-10-03,"2018",2019,3,"0"
"1847",2018-10-04,"2018",2019,4,"0"
"1848",2018-10-05,"2018",2019,5,"0"
"1849",2018-10-06,"2018",2019,6,"0"
"1850",2018-10-07,"2018",2019,7,"0"
"1851",2018-10-08,"2018",2019,8,"0"
"1852",2018-10-09,"2018",2019,9,"0"
"1853",2018-10-10,"2018",2019,10,"0"
"1854",2018-10-11,"2018",2019,11,"0"
"1855",2018-10-12,"2018",2019,12,"0"
"1856",2018-10-13,"2018",2019,13,"0"
"1857",2018-10-14,"2018",2019,14,"0"
"1858",2018-10-15,"2018",2019,15,"0"
"1859",2018-10-16,"2018",2019,16,"0"
"1860",2018-10-17,"2018",2019,17,"0"
"1861",2018-10-18,"2018",2019,18,"0"
"1862",2018-10-19,"2018",2019,19,"0"
"1863",2018-10-20,"2018",2019,20,"0"
"1864",2018-10-21,"2018",2019,21,"0"
"1865",2018-10-22,"2018",2019,22,"0"
"1866",2018-10-23,"2018",2019,23,"0"
"1867",2018-10-24,"2018",2019,24,"0"
"1868",2018-10-25,"2018",2019,25,"0"
"1869",2018-10-26,"2018",2019,26,"0"
"1870",2018-10-27,"2018",2019,27,"0"
"1871",2018-10-28,"2018",2019,28,"0"
"1872",2018-10-29,"2018",2019,29,"0"
"1873",2018-10-30,"2018",2019,30,"0"
"1874",2018-10-31,"2018",2019,31,"0"
"1875",2018-11-01,"2018",2019,32,"0"
"1876",2018-11-02,"2018",2019,33,"0"
"1877",2018-11-03,"2018",2019,34,"0"
"1878",2018-11-04,"2018",2019,35,"0"
"1879",2018-11-05,"2018",2019,36,"0"
"1880",2018-11-06,"2018",2019,37,"0"
"1881",2018-11-07,"2018",2019,38,"1"
"1882",2018-11-08,"2018",2019,39,"1"
"1883",2018-11-09,"2018",2019,40,"1"
"1884",2018-11-10,"2018",2019,41,"1"
"1885",2018-11-11,"2018",2019,42,"1"
"1886",2018-11-12,"2018",2019,43,"1"
"1887",2018-11-13,"2018",2019,44,"1"
"1888",2018-11-14,"2018",2019,45,"1"
"1889",2018-11-15,"2018",2019,46,"1"
"1890",2018-11-16,"2018",2019,47,"1"
"1891",2018-11-17,"2018",2019,48,"1"
"1892",2018-11-18,"2018",2019,49,"1"
"1893",2018-11-19,"2018",2019,50,"1"
"1894",2018-11-20,"2018",2019,51,"1"
"1895",2018-11-21,"2018",2019,52,"1"
"1896",2018-11-22,"2018",2019,53,"1"
"1897",2018-11-23,"2018",2019,54,"1"
"1898",2018-11-24,"2018",2019,55,"1"
"1899",2018-11-25,"2018",2019,56,"1"
"1900",2018-11-26,"2018",2019,57,"1"
"1901",2018-11-27,"2018",2019,58,"1"
"1902",2018-11-28,"2018",2019,59,"1"
"1903",2018-11-29,"2018",2019,60,"1"
"1904",2018-11-30,"2018",2019,61,"1"
"1905",2018-12-01,"2018",2019,62,"1"
"1906",2018-12-02,"2018",2019,63,"1"
"1907",2018-12-03,"2018",2019,64,"1"
"1908",2018-12-04,"2018",2019,65,"1"
"1909",2018-12-05,"2018",2019,66,"1"
"1910",2018-12-06,"2018",2019,67,"1"
"1911",2018-12-07,"2018",2019,68,"1"
"1912",2018-12-08,"2018",2019,69,"1"
"1913",2018-12-09,"2018",2019,70,"1"
"1914",2018-12-10,"2018",2019,71,"1"
"1915",2018-12-11,"2018",2019,72,"1"
"1916",2018-12-12,"2018",2019,73,"1"
"1917",2018-12-13,"2018",2019,74,"1"
"1918",2018-12-14,"2018",2019,75,"1"
"1919",2018-12-15,"2018",2019,76,"1"
"1920",2018-12-16,"2018",2019,77,"1"
"1921",2018-12-17,"2018",2019,78,"1"
"1922",2018-12-18,"2018",2019,79,"1"
"1923",2018-12-19,"2018",2019,80,"1"
"1924",2018-12-20,"2018",2019,81,"1"
"1925",2018-12-21,"2018",2019,82,"1"
"1926",2018-12-22,"2018",2019,83,"1"
"1927",2018-12-23,"2018",2019,84,"1"
"1928",2018-12-24,"2018",2019,85,"1"
"1929",2018-12-25,"2018",2019,86,"1"
"1930",2018-12-26,"2018",2019,87,"1"
"1931",2018-12-27,"2018",2019,88,"1"
"1932",2018-12-28,"2018",2019,89,"1"
"1933",2018-12-29,"2018",2019,90,"1"
"1934",2018-12-30,"2018",2019,91,"1"
"1935",2018-12-31,"2018",2019,92,"1"
"1936",2019-01-01,"2019",2019,93,"1"
"1937",2019-01-02,"2019",2019,94,"1"
"1938",2019-01-03,"2019",2019,95,"1"
"1939",2019-01-04,"2019",2019,96,"1"
"1940",2019-01-05,"2019",2019,97,"1"
"1941",2019-01-06,"2019",2019,98,"1"
"1942",2019-01-07,"2019",2019,99,"1"
"1943",2019-01-08,"2019",2019,100,"1"
"1944",2019-01-09,"2019",2019,101,"1"
"1945",2019-01-10,"2019",2019,102,"1"
"1946",2019-01-11,"2019",2019,103,"1"
"1947",2019-01-12,"2019",2019,104,"1"
"1948",2019-01-13,"2019",2019,105,"1"
"1949",2019-01-14,"2019",2019,106,"1"
"1950",2019-01-15,"2019",2019,107,"1"
"1951",2019-01-16,"2019",2019,108,"1"
"1952",2019-01-17,"2019",2019,109,"1"
"1953",2019-01-18,"2019",2019,110,"1"
"1954",2019-01-19,"2019",2019,111,"1"
"1955",2019-01-20,"2019",2019,112,"1"
"1956",2019-01-21,"2019",2019,113,"1"
"1957",2019-01-22,"2019",2019,114,"1"
"1958",2019-01-23,"2019",2019,115,"1"
"1959",2019-01-24,"2019",2019,116,"1"
"1960",2019-01-25,"2019",2019,117,"1"
"1961",2019-01-26,"2019",2019,118,"1"
"1962",2019-01-27,"2019",2019,119,"1"
"1963",2019-01-28,"2019",2019,120,"1"
"1964",2019-01-29,"2019",2019,121,"1"
"1965",2019-01-30,"2019",2019,122,"1"
"1966",2019-01-31,"2019",2019,123,"1"
"1967",2019-02-01,"2019",2019,124,"1"
"1968",2019-02-02,"2019",2019,125,"1"
"1969",2019-02-03,"2019",2019,126,"1"
"1970",2019-02-04,"2019",2019,127,"1"
"1971",2019-02-05,"2019",2019,128,"1"
"1972",2019-02-06,"2019",2019,129,"1"
"1973",2019-02-07,"2019",2019,130,"1"
"1974",2019-02-08,"2019",2019,131,"1"
"1975",2019-02-09,"2019",2019,132,"1"
"1976",2019-02-10,"2019",2019,133,"1"
"1977",2019-02-11,"2019",2019,134,"1"
"1978",2019-02-12,"2019",2019,135,"1"
"1979",2019-02-13,"2019",2019,136,"1"
"1980",2019-02-14,"2019",2019,137,"1"
"1981",2019-02-15,"2019",2019,138,"1"
"1982",2019-02-16,"2019",2019,139,"1"
"1983",2019-02-17,"2019",2019,140,"1"
"1984",2019-02-18,"2019",2019,141,"1"
"1985",2019-02-19,"2019",2019,142,"1"
"1986",2019-02-20,"2019",2019,143,"1"
"1987",2019-02-21,"2019",2019,144,"1"
"1988",2019-02-22,"2019",2019,145,"1"
"1989",2019-02-23,"2019",2019,146,"1"
"1990",2019-02-24,"2019",2019,147,"1"
"1991",2019-02-25,"2019",2019,148,"1"
"1992",2019-02-26,"2019",2019,149,"1"
"1993",2019-02-27,"2019",2019,150,"1"
"1994",2019-02-28,"2019",2019,151,"1"
"1995",2019-03-01,"2019",2019,152,"1"
"1996",2019-03-02,"2019",2019,153,"1"
"1997",2019-03-03,"2019",2019,154,"1"
"1998",2019-03-04,"2019",2019,155,"1"
"1999",2019-03-05,"2019",2019,156,"1"
"2000",2019-03-06,"2019",2019,157,"1"
"2001",2019-03-07,"2019",2019,158,"1"
"2002",2019-03-08,"2019",2019,159,"1"
"2003",2019-03-09,"2019",2019,160,"1"
"2004",2019-03-10,"2019",2019,161,"1"
"2005",2019-03-11,"2019",2019,162,"1"
"2006",2019-03-12,"2019",2019,163,"1"
"2007",2019-03-13,"2019",2019,164,"1"
"2008",2019-03-14,"2019",2019,165,"1"
"2009",2019-03-15,"2019",2019,166,"1"
"2010",2019-03-16,"2019",2019,167,"1"
"2011",2019-03-17,"2019",2019,168,"1"
"2012",2019-03-18,"2019",2019,169,"1"
"2013",2019-03-19,"2019",2019,170,"1"
"2014",2019-03-20,"2019",2019,171,"1"
"2015",2019-03-21,"2019",2019,172,"1"
"2016",2019-03-22,"2019",2019,173,"1"
"2017",2019-03-23,"2019",2019,174,"1"
"2018",2019-03-24,"2019",2019,175,"1"
"2019",2019-03-25,"2019",2019,176,"1"
"2020",2019-03-26,"2019",2019,177,"1"
"2021",2019-03-27,"2019",2019,178,"1"
"2022",2019-03-28,"2019",2019,179,"1"
"2023",2019-03-29,"2019",2019,180,"1"
"2024",2019-03-30,"2019",2019,181,"1"
"2025",2019-03-31,"2019",2019,182,"1"
"2026",2019-04-01,"2019",2019,183,"1"
"2027",2019-04-02,"2019",2019,184,"1"
"2028",2019-04-03,"2019",2019,185,"1"
"2029",2019-04-04,"2019",2019,186,"1"
"2030",2019-04-05,"2019",2019,187,"1"
"2031",2019-04-06,"2019",2019,188,"1"
"2032",2019-04-07,"2019",2019,189,"1"
"2033",2019-04-08,"2019",2019,190,"1"
"2034",2019-04-09,"2019",2019,191,"1"
"2035",2019-04-10,"2019",2019,192,"1"
"2036",2019-04-11,"2019",2019,193,"1"
"2037",2019-04-12,"2019",2019,194,"1"
"2038",2019-04-13,"2019",2019,195,"1"
"2039",2019-04-14,"2019",2019,196,"1"
"2040",2019-04-15,"2019",2019,197,"1"
"2041",2019-04-16,"2019",2019,198,"1"
"2042",2019-04-17,"2019",2019,199,"1"
"2043",2019-04-18,"2019",2019,200,"1"
"2044",2019-04-19,"2019",2019,201,"1"
"2045",2019-04-20,"2019",2019,202,"1"
"2046",2019-04-21,"2019",2019,203,"1"
"2047",2019-04-22,"2019",2019,204,"1"
"2048",2019-04-23,"2019",2019,205,"1"
"2049",2019-04-24,"2019",2019,206,"1"
"2050",2019-04-25,"2019",2019,207,"1"
"2051",2019-04-26,"2019",2019,208,"1"
"2052",2019-04-27,"2019",2019,209,"1"
"2053",2019-04-28,"2019",2019,210,"1"
"2054",2019-04-29,"2019",2019,211,"1"
"2055",2019-04-30,"2019",2019,212,"1"
"2056",2019-05-01,"2019",2019,213,"1"
"2057",2019-05-02,"2019",2019,214,"1"
"2058",2019-05-03,"2019",2019,215,"1"
"2059",2019-05-04,"2019",2019,216,"1"
"2060",2019-05-05,"2019",2019,217,"1"
"2061",2019-05-06,"2019",2019,218,"1"
"2062",2019-05-07,"2019",2019,219,"1"
"2063",2019-05-08,"2019",2019,220,"1"
"2064",2019-05-09,"2019",2019,221,"1"
"2065",2019-05-10,"2019",2019,222,"1"
"2066",2019-05-11,"2019",2019,223,"1"
"2067",2019-05-12,"2019",2019,224,"1"
"2068",2019-05-13,"2019",2019,225,"1"
"2069",2019-05-14,"2019",2019,226,"1"
"2070",2019-05-15,"2019",2019,227,"1"
"2071",2019-05-16,"2019",2019,228,"1"
"2072",2019-05-17,"2019",2019,229,"1"
"2073",2019-05-18,"2019",2019,230,"1"
"2074",2019-05-19,"2019",2019,231,"1"
"2075",2019-05-20,"2019",2019,232,"1"
"2076",2019-05-21,"2019",2019,233,"1"
"2077",2019-05-22,"2019",2019,234,"1"
"2078",2019-05-23,"2019",2019,235,"1"
"2079",2019-05-24,"2019",2019,236,"1"
"2080",2019-05-25,"2019",2019,237,"1"
"2081",2019-05-26,"2019",2019,238,"1"
"2082",2019-05-27,"2019",2019,239,"1"
"2083",2019-05-28,"2019",2019,240,"1"
"2084",2019-05-29,"2019",2019,241,"1"
"2085",2019-05-30,"2019",2019,242,"1"
"2086",2019-05-31,"2019",2019,243,"1"
"2087",2019-06-01,"2019",2019,244,"1"
"2088",2019-06-02,"2019",2019,245,"1"
"2089",2019-06-03,"2019",2019,246,"1"
"2090",2019-06-04,"2019",2019,247,"1"
"2091",2019-06-05,"2019",2019,248,"1"
"2092",2019-06-06,"2019",2019,249,"1"
"2093",2019-06-07,"2019",2019,250,"1"
"2094",2019-06-08,"2019",2019,251,"1"
"2095",2019-06-09,"2019",2019,252,"1"
"2096",2019-06-10,"2019",2019,253,"1"
"2097",2019-06-11,"2019",2019,254,"1"
"2098",2019-06-12,"2019",2019,255,"1"
"2099",2019-06-13,"2019",2019,256,"1"
"2100",2019-06-14,"2019",2019,257,"1"
"2101",2019-06-15,"2019",2019,258,"1"
"2102",2019-06-16,"2019",2019,259,"1"
"2103",2019-06-17,"2019",2019,260,"1"
"2104",2019-06-18,"2019",2019,261,"1"
"2105",2019-06-19,"2019",2019,262,"1"
"2106",2019-06-20,"2019",2019,263,"0"
"2107",2019-06-21,"2019",2019,264,"0"
"2108",2019-06-22,"2019",2019,265,"0"
"2109",2019-06-23,"2019",2019,266,"0"
"2110",2019-06-24,"2019",2019,267,"0"
"2111",2019-06-25,"2019",2019,268,"0"
"2112",2019-06-26,"2019",2019,269,"0"
"2113",2019-06-27,"2019",2019,270,"0"
"2114",2019-06-28,"2019",2019,271,"0"
"2115",2019-06-29,"2019",2019,272,"0"
"2116",2019-06-30,"2019",2019,273,"0"
"2117",2019-07-01,"2019",2019,274,"0"
"2118",2019-07-02,"2019",2019,275,"0"
"2119",2019-07-03,"2019",2019,276,"0"
"2120",2019-07-04,"2019",2019,277,"0"
"2121",2019-07-05,"2019",2019,278,"0"
"2122",2019-07-06,"2019",2019,279,"0"
"2123",2019-07-07,"2019",2019,280,"0"
"2124",2019-07-08,"2019",2019,281,"0"
"2125",2019-07-09,"2019",2019,282,"0"
"2126",2019-07-10,"2019",2019,283,"0"
"2127",2019-07-11,"2019",2019,284,"0"
"2128",2019-07-12,"2019",2019,285,"0"
"2129",2019-07-13,"2019",2019,286,"0"
"2130",2019-07-14,"2019",2019,287,"0"
"2131",2019-07-15,"2019",2019,288,"0"
"2132",2019-07-16,"2019",2019,289,"0"
"2133",2019-07-17,"2019",2019,290,"0"
"2134",2019-07-18,"2019",2019,291,"0"
"2135",2019-07-19,"2019",2019,292,"0"
"2136",2019-07-20,"2019",2019,293,"0"
"2137",2019-07-21,"2019",2019,294,"0"
"2138",2019-07-22,"2019",2019,295,"0"
"2139",2019-07-23,"2019",2019,296,"0"
"2140",2019-07-24,"2019",2019,297,"0"
"2141",2019-07-25,"2019",2019,298,"0"
"2142",2019-07-26,"2019",2019,299,"0"
"2143",2019-07-27,"2019",2019,300,"0"
"2144",2019-07-28,"2019",2019,301,"0"
"2145",2019-07-29,"2019",2019,302,"0"
"2146",2019-07-30,"2019",2019,303,"0"
"2147",2019-07-31,"2019",2019,304,"0"
"2148",2019-08-01,"2019",2019,305,"0"
"2149",2019-08-02,"2019",2019,306,"0"
"2150",2019-08-03,"2019",2019,307,"0"
"2151",2019-08-04,"2019",2019,308,"0"
"2152",2019-08-05,"2019",2019,309,"0"
"2153",2019-08-06,"2019",2019,310,"0"
"2154",2019-08-07,"2019",2019,311,"0"
"2155",2019-08-08,"2019",2019,312,"0"
"2156",2019-08-09,"2019",2019,313,"0"
"2157",2019-08-10,"2019",2019,314,"0"
"2158",2019-08-11,"2019",2019,315,"0"
"2159",2019-08-12,"2019",2019,316,"0"
"2160",2019-08-13,"2019",2019,317,"0"
"2161",2019-08-14,"2019",2019,318,"0"
"2162",2019-08-15,"2019",2019,319,"0"
"2163",2019-08-16,"2019",2019,320,"0"
"2164",2019-08-17,"2019",2019,321,"0"
"2165",2019-08-18,"2019",2019,322,"0"
"2166",2019-08-19,"2019",2019,323,"0"
"2167",2019-08-20,"2019",2019,324,"0"
"2168",2019-08-21,"2019",2019,325,"0"
"2169",2019-08-22,"2019",2019,326,"0"
"2170",2019-08-23,"2019",2019,327,"0"
"2171",2019-08-24,"2019",2019,328,"0"
"2172",2019-08-25,"2019",2019,329,"0"
"2173",2019-08-26,"2019",2019,330,"0"
"2174",2019-08-27,"2019",2019,331,"0"
"2175",2019-08-28,"2019",2019,332,"0"
"2176",2019-08-29,"2019",2019,333,"0"
"2177",2019-08-30,"2019",2019,334,"0"
"2178",2019-08-31,"2019",2019,335,"0"
"2179",2019-09-01,"2019",2019,336,"0"
"2180",2019-09-02,"2019",2019,337,"0"
"2181",2019-09-03,"2019",2019,338,"0"
"2182",2019-09-04,"2019",2019,339,"0"
"2183",2019-09-05,"2019",2019,340,"0"
"2184",2019-09-06,"2019",2019,341,"0"
"2185",2019-09-07,"2019",2019,342,"0"
"2186",2019-09-08,"2019",2019,343,"0"
"2187",2019-09-09,"2019",2019,344,"0"
"2188",2019-09-10,"2019",2019,345,"0"
"2189",2019-09-11,"2019",2019,346,"0"
"2190",2019-09-12,"2019",2019,347,"0"
"2191",2019-09-13,"2019",2019,348,"0"
"2192",2019-09-14,"2019",2019,349,"0"
"2193",2019-09-15,"2019",2019,350,"0"
"2194",2019-09-16,"2019",2019,351,"0"
"2195",2019-09-17,"2019",2019,352,"0"
"2196",2019-09-18,"2019",2019,353,"0"
"2197",2019-09-19,"2019",2019,354,"0"
"2198",2019-09-20,"2019",2019,355,"0"
"2199",2019-09-21,"2019",2019,356,"0"
"2200",2019-09-22,"2019",2019,357,"0"
"2201",2019-09-23,"2019",2019,358,"0"
"2202",2019-09-24,"2019",2019,359,"0"
"2203",2019-09-25,"2019",2019,360,"0"
"2204",2019-09-26,"2019",2019,361,"0"
"2205",2019-09-27,"2019",2019,362,"0"
"2206",2019-09-28,"2019",2019,363,"0"
"2207",2019-09-29,"2019",2019,364,"0"
"2208",2019-09-30,"2019",2019,365,"0"
"2209",2019-10-01,"2019",2020,1,"0"
"2210",2019-10-02,"2019",2020,2,"0"
"2211",2019-10-03,"2019",2020,3,"0"
"2212",2019-10-04,"2019",2020,4,"0"
"2213",2019-10-05,"2019",2020,5,"0"
"2214",2019-10-06,"2019",2020,6,"0"
"2215",2019-10-07,"2019",2020,7,"0"
"2216",2019-10-08,"2019",2020,8,"0"
"2217",2019-10-09,"2019",2020,9,"0"
"2218",2019-10-10,"2019",2020,10,"0"
"2219",2019-10-11,"2019",2020,11,"0"
"2220",2019-10-12,"2019",2020,12,"0"
"2221",2019-10-13,"2019",2020,13,"0"
"2222",2019-10-14,"2019",2020,14,"0"
"2223",2019-10-15,"2019",2020,15,"0"
"2224",2019-10-16,"2019",2020,16,"0"
"2225",2019-10-17,"2019",2020,17,"0"
"2226",2019-10-18,"2019",2020,18,"0"
"2227",2019-10-19,"2019",2020,19,"0"
"2228",2019-10-20,"2019",2020,20,"0"
"2229",2019-10-21,"2019",2020,21,"0"
"2230",2019-10-22,"2019",2020,22,"0"
"2231",2019-10-23,"2019",2020,23,"0"
"2232",2019-10-24,"2019",2020,24,"0"
"2233",2019-10-25,"2019",2020,25,"0"
"2234",2019-10-26,"2019",2020,26,"0"
"2235",2019-10-27,"2019",2020,27,"0"
"2236",2019-10-28,"2019",2020,28,"0"
"2237",2019-10-29,"2019",2020,29,"0"
"2238",2019-10-30,"2019",2020,30,"1"
"2239",2019-10-31,"2019",2020,31,"1"
"2240",2019-11-01,"2019",2020,32,"1"
"2241",2019-11-02,"2019",2020,33,"1"
"2242",2019-11-03,"2019",2020,34,"1"
"2243",2019-11-04,"2019",2020,35,"1"
"2244",2019-11-05,"2019",2020,36,"1"
"2245",2019-11-06,"2019",2020,37,"1"
"2246",2019-11-07,"2019",2020,38,"1"
"2247",2019-11-08,"2019",2020,39,"1"
"2248",2019-11-09,"2019",2020,40,"1"
"2249",2019-11-10,"2019",2020,41,"1"
"2250",2019-11-11,"2019",2020,42,"1"
"2251",2019-11-12,"2019",2020,43,"1"
"2252",2019-11-13,"2019",2020,44,"1"
"2253",2019-11-14,"2019",2020,45,"1"
"2254",2019-11-15,"2019",2020,46,"1"
"2255",2019-11-16,"2019",2020,47,"1"
"2256",2019-11-17,"2019",2020,48,"1"
"2257",2019-11-18,"2019",2020,49,"1"
"2258",2019-11-19,"2019",2020,50,"1"
"2259",2019-11-20,"2019",2020,51,"1"
"2260",2019-11-21,"2019",2020,52,"1"
"2261",2019-11-22,"2019",2020,53,"1"
"2262",2019-11-23,"2019",2020,54,"1"
"2263",2019-11-24,"2019",2020,55,"1"
"2264",2019-11-25,"2019",2020,56,"1"
"2265",2019-11-26,"2019",2020,57,"1"
"2266",2019-11-27,"2019",2020,58,"1"
"2267",2019-11-28,"2019",2020,59,"1"
"2268",2019-11-29,"2019",2020,60,"1"
"2269",2019-11-30,"2019",2020,61,"1"
"2270",2019-12-01,"2019",2020,62,"1"
"2271",2019-12-02,"2019",2020,63,"1"
"2272",2019-12-03,"2019",2020,64,"1"
"2273",2019-12-04,"2019",2020,65,"1"
"2274",2019-12-05,"2019",2020,66,"1"
"2275",2019-12-06,"2019",2020,67,"1"
"2276",2019-12-07,"2019",2020,68,"1"
"2277",2019-12-08,"2019",2020,69,"1"
"2278",2019-12-09,"2019",2020,70,"1"
"2279",2019-12-10,"2019",2020,71,"1"
"2280",2019-12-11,"2019",2020,72,"1"
"2281",2019-12-12,"2019",2020,73,"1"
"2282",2019-12-13,"2019",2020,74,"1"
"2283",2019-12-14,"2019",2020,75,"1"
"2284",2019-12-15,"2019",2020,76,"1"
"2285",2019-12-16,"2019",2020,77,"1"
"2286",2019-12-17,"2019",2020,78,"1"
"2287",2019-12-18,"2019",2020,79,"1"
"2288",2019-12-19,"2019",2020,80,"1"
"2289",2019-12-20,"2019",2020,81,"1"
"2290",2019-12-21,"2019",2020,82,"1"
"2291",2019-12-22,"2019",2020,83,"1"
"2292",2019-12-23,"2019",2020,84,"1"
"2293",2019-12-24,"2019",2020,85,"1"
"2294",2019-12-25,"2019",2020,86,"1"
"2295",2019-12-26,"2019",2020,87,"1"
"2296",2019-12-27,"2019",2020,88,"1"
"2297",2019-12-28,"2019",2020,89,"1"
"2298",2019-12-29,"2019",2020,90,"1"
"2299",2019-12-30,"2019",2020,91,"1"
"2300",2019-12-31,"2019",2020,92,"1"
"2301",2020-01-01,"2020",2020,93,"1"
"2302",2020-01-02,"2020",2020,94,"1"
"2303",2020-01-03,"2020",2020,95,"1"
"2304",2020-01-04,"2020",2020,96,"1"
"2305",2020-01-05,"2020",2020,97,"1"
"2306",2020-01-06,"2020",2020,98,"1"
"2307",2020-01-07,"2020",2020,99,"1"
"2308",2020-01-08,"2020",2020,100,"1"
"2309",2020-01-09,"2020",2020,101,"1"
"2310",2020-01-10,"2020",2020,102,"1"
"2311",2020-01-11,"2020",2020,103,"1"
"2312",2020-01-12,"2020",2020,104,"1"
"2313",2020-01-13,"2020",2020,105,"1"
"2314",2020-01-14,"2020",2020,106,"1"
"2315",2020-01-15,"2020",2020,107,"1"
"2316",2020-01-16,"2020",2020,108,"1"
"2317",2020-01-17,"2020",2020,109,"1"
"2318",2020-01-18,"2020",2020,110,"1"
"2319",2020-01-19,"2020",2020,111,"1"
"2320",2020-01-20,"2020",2020,112,"1"
"2321",2020-01-21,"2020",2020,113,"1"
"2322",2020-01-22,"2020",2020,114,"1"
"2323",2020-01-23,"2020",2020,115,"1"
"2324",2020-01-24,"2020",2020,116,"1"
"2325",2020-01-25,"2020",2020,117,"1"
"2326",2020-01-26,"2020",2020,118,"1"
"2327",2020-01-27,"2020",2020,119,"1"
"2328",2020-01-28,"2020",2020,120,"1"
"2329",2020-01-29,"2020",2020,121,"1"
"2330",2020-01-30,"2020",2020,122,"1"
"2331",2020-01-31,"2020",2020,123,"1"
"2332",2020-02-01,"2020",2020,124,"1"
"2333",2020-02-02,"2020",2020,125,"1"
"2334",2020-02-03,"2020",2020,126,"1"
"2335",2020-02-04,"2020",2020,127,"1"
"2336",2020-02-05,"2020",2020,128,"1"
"2337",2020-02-06,"2020",2020,129,"1"
"2338",2020-02-07,"2020",2020,130,"1"
"2339",2020-02-08,"2020",2020,131,"1"
"2340",2020-02-09,"2020",2020,132,"1"
"2341",2020-02-10,"2020",2020,133,"1"
"2342",2020-02-11,"2020",2020,134,"1"
"2343",2020-02-12,"2020",2020,135,"1"
"2344",2020-02-13,"2020",2020,136,"1"
"2345",2020-02-14,"2020",2020,137,"1"
"2346",2020-02-15,"2020",2020,138,"1"
"2347",2020-02-16,"2020",2020,139,"1"
"2348",2020-02-17,"2020",2020,140,"1"
"2349",2020-02-18,"2020",2020,141,"1"
"2350",2020-02-19,"2020",2020,142,"1"
"2351",2020-02-20,"2020",2020,143,"1"
"2352",2020-02-21,"2020",2020,144,"1"
"2353",2020-02-22,"2020",2020,145,"1"
"2354",2020-02-23,"2020",2020,146,"1"
"2355",2020-02-24,"2020",2020,147,"1"
"2356",2020-02-25,"2020",2020,148,"1"
"2357",2020-02-26,"2020",2020,149,"1"
"2358",2020-02-27,"2020",2020,150,"1"
"2359",2020-02-28,"2020",2020,151,"1"
"2360",2020-02-29,"2020",2020,152,"1"
"2361",2020-03-01,"2020",2020,153,"1"
"2362",2020-03-02,"2020",2020,154,"1"
"2363",2020-03-03,"2020",2020,155,"1"
"2364",2020-03-04,"2020",2020,156,"1"
"2365",2020-03-05,"2020",2020,157,"1"
"2366",2020-03-06,"2020",2020,158,"1"
"2367",2020-03-07,"2020",2020,159,"1"
"2368",2020-03-08,"2020",2020,160,"1"
"2369",2020-03-09,"2020",2020,161,"1"
"2370",2020-03-10,"2020",2020,162,"1"
"2371",2020-03-11,"2020",2020,163,"1"
"2372",2020-03-12,"2020",2020,164,"1"
"2373",2020-03-13,"2020",2020,165,"1"
"2374",2020-03-14,"2020",2020,166,"1"
"2375",2020-03-15,"2020",2020,167,"1"
"2376",2020-03-16,"2020",2020,168,"1"
"2377",2020-03-17,"2020",2020,169,"1"
"2378",2020-03-18,"2020",2020,170,"1"
"2379",2020-03-19,"2020",2020,171,"1"
"2380",2020-03-20,"2020",2020,172,"1"
"2381",2020-03-21,"2020",2020,173,"1"
"2382",2020-03-22,"2020",2020,174,"1"
"2383",2020-03-23,"2020",2020,175,"1"
"2384",2020-03-24,"2020",2020,176,"1"
"2385",2020-03-25,"2020",2020,177,"1"
"2386",2020-03-26,"2020",2020,178,"1"
"2387",2020-03-27,"2020",2020,179,"1"
"2388",2020-03-28,"2020",2020,180,"1"
"2389",2020-03-29,"2020",2020,181,"1"
"2390",2020-03-30,"2020",2020,182,"1"
"2391",2020-03-31,"2020",2020,183,"1"
"2392",2020-04-01,"2020",2020,184,"1"
"2393",2020-04-02,"2020",2020,185,"1"
"2394",2020-04-03,"2020",2020,186,"1"
"2395",2020-04-04,"2020",2020,187,"1"
"2396",2020-04-05,"2020",2020,188,"1"
"2397",2020-04-06,"2020",2020,189,"1"
"2398",2020-04-07,"2020",2020,190,"1"
"2399",2020-04-08,"2020",2020,191,"1"
"2400",2020-04-09,"2020",2020,192,"1"
"2401",2020-04-10,"2020",2020,193,"1"
"2402",2020-04-11,"2020",2020,194,"1"
"2403",2020-04-12,"2020",2020,195,"1"
"2404",2020-04-13,"2020",2020,196,"1"
"2405",2020-04-14,"2020",2020,197,"1"
"2406",2020-04-15,"2020",2020,198,"1"
"2407",2020-04-16,"2020",2020,199,"1"
"2408",2020-04-17,"2020",2020,200,"1"
"2409",2020-04-18,"2020",2020,201,"1"
"2410",2020-04-19,"2020",2020,202,"1"
"2411",2020-04-20,"2020",2020,203,"1"
"2412",2020-04-21,"2020",2020,204,"1"
"2413",2020-04-22,"2020",2020,205,"1"
"2414",2020-04-23,"2020",2020,206,"1"
"2415",2020-04-24,"2020",2020,207,"1"
"2416",2020-04-25,"2020",2020,208,"1"
"2417",2020-04-26,"2020",2020,209,"1"
"2418",2020-04-27,"2020",2020,210,"1"
"2419",2020-04-28,"2020",2020,211,"1"
"2420",2020-04-29,"2020",2020,212,"1"
"2421",2020-04-30,"2020",2020,213,"1"
"2422",2020-05-01,"2020",2020,214,"1"
"2423",2020-05-02,"2020",2020,215,"1"
"2424",2020-05-03,"2020",2020,216,"1"
"2425",2020-05-04,"2020",2020,217,"1"
"2426",2020-05-05,"2020",2020,218,"1"
"2427",2020-05-06,"2020",2020,219,"1"
"2428",2020-05-07,"2020",2020,220,"1"
"2429",2020-05-08,"2020",2020,221,"1"
"2430",2020-05-09,"2020",2020,222,"1"
"2431",2020-05-10,"2020",2020,223,"1"
"2432",2020-05-11,"2020",2020,224,"1"
"2433",2020-05-12,"2020",2020,225,"1"
"2434",2020-05-13,"2020",2020,226,"1"
"2435",2020-05-14,"2020",2020,227,"1"
"2436",2020-05-15,"2020",2020,228,"1"
"2437",2020-05-16,"2020",2020,229,"1"
"2438",2020-05-17,"2020",2020,230,"1"
"2439",2020-05-18,"2020",2020,231,"1"
"2440",2020-05-19,"2020",2020,232,"1"
"2441",2020-05-20,"2020",2020,233,"1"
"2442",2020-05-21,"2020",2020,234,"1"
"2443",2020-05-22,"2020",2020,235,"1"
"2444",2020-05-23,"2020",2020,236,"0"
"2445",2020-05-24,"2020",2020,237,"0"
"2446",2020-05-25,"2020",2020,238,"0"
"2447",2020-05-26,"2020",2020,239,"0"
"2448",2020-05-27,"2020",2020,240,"0"
"2449",2020-05-28,"2020",2020,241,"0"
"2450",2020-05-29,"2020",2020,242,"0"
"2451",2020-05-30,"2020",2020,243,"0"
"2452",2020-05-31,"2020",2020,244,"0"
"2453",2020-06-01,"2020",2020,245,"0"
"2454",2020-06-02,"2020",2020,246,"0"
"2455",2020-06-03,"2020",2020,247,"0"
"2456",2020-06-04,"2020",2020,248,"0"
"2457",2020-06-05,"2020",2020,249,"0"
"2458",2020-06-06,"2020",2020,250,"0"
"2459",2020-06-07,"2020",2020,251,"0"
"2460",2020-06-08,"2020",2020,252,"0"
"2461",2020-06-09,"2020",2020,253,"0"
"2462",2020-06-10,"2020",2020,254,"0"
"2463",2020-06-11,"2020",2020,255,"0"
"2464",2020-06-12,"2020",2020,256,"0"
"2465",2020-06-13,"2020",2020,257,"0"
"2466",2020-06-14,"2020",2020,258,"0"
"2467",2020-06-15,"2020",2020,259,"0"
"2468",2020-06-16,"2020",2020,260,"0"
"2469",2020-06-17,"2020",2020,261,"0"
"2470",2020-06-18,"2020",2020,262,"0"
"2471",2020-06-19,"2020",2020,263,"0"
"2472",2020-06-20,"2020",2020,264,"0"
"2473",2020-06-21,"2020",2020,265,"0"
"2474",2020-06-22,"2020",2020,266,"0"
"2475",2020-06-23,"2020",2020,267,"0"
"2476",2020-06-24,"2020",2020,268,"0"
"2477",2020-06-25,"2020",2020,269,"0"
"2478",2020-06-26,"2020",2020,270,"0"
"2479",2020-06-27,"2020",2020,271,"0"
"2480",2020-06-28,"2020",2020,272,"0"
"2481",2020-06-29,"2020",2020,273,"0"
"2482",2020-06-30,"2020",2020,274,"0"
"2483",2020-07-01,"2020",2020,275,"0"
"2484",2020-07-02,"2020",2020,276,"0"
"2485",2020-07-03,"2020",2020,277,"0"
"2486",2020-07-04,"2020",2020,278,"0"
"2487",2020-07-05,"2020",2020,279,"0"
"2488",2020-07-06,"2020",2020,280,"0"
"2489",2020-07-07,"2020",2020,281,"0"
"2490",2020-07-08,"2020",2020,282,"0"
"2491",2020-07-09,"2020",2020,283,"0"
"2492",2020-07-10,"2020",2020,284,"0"
"2493",2020-07-11,"2020",2020,285,"0"
"2494",2020-07-12,"2020",2020,286,"0"
"2495",2020-07-13,"2020",2020,287,"0"
"2496",2020-07-14,"2020",2020,288,"0"
"2497",2020-07-15,"2020",2020,289,"0"
"2498",2020-07-16,"2020",2020,290,"0"
"2499",2020-07-17,"2020",2020,291,"0"
"2500",2020-07-18,"2020",2020,292,"0"
"2501",2020-07-19,"2020",2020,293,"0"
"2502",2020-07-20,"2020",2020,294,"0"
"2503",2020-07-21,"2020",2020,295,"0"
"2504",2020-07-22,"2020",2020,296,"0"
"2505",2020-07-23,"2020",2020,297,"0"
"2506",2020-07-24,"2020",2020,298,"0"
"2507",2020-07-25,"2020",2020,299,"0"
"2508",2020-07-26,"2020",2020,300,"0"
"2509",2020-07-27,"2020",2020,301,"0"
"2510",2020-07-28,"2020",2020,302,"0"
"2511",2020-07-29,"2020",2020,303,"0"
"2512",2020-07-30,"2020",2020,304,"0"
"2513",2020-07-31,"2020",2020,305,"0"
"2514",2020-08-01,"2020",2020,306,"0"
"2515",2020-08-02,"2020",2020,307,"0"
"2516",2020-08-03,"2020",2020,308,"0"
"2517",2020-08-04,"2020",2020,309,"0"
"2518",2020-08-05,"2020",2020,310,"0"
"2519",2020-08-06,"2020",2020,311,"0"
"2520",2020-08-07,"2020",2020,312,"0"
"2521",2020-08-08,"2020",2020,313,"0"
"2522",2020-08-09,"2020",2020,314,"0"
"2523",2020-08-10,"2020",2020,315,"0"
"2524",2020-08-11,"2020",2020,316,"0"
"2525",2020-08-12,"2020",2020,317,"0"
"2526",2020-08-13,"2020",2020,318,"0"
"2527",2020-08-14,"2020",2020,319,"0"
"2528",2020-08-15,"2020",2020,320,"0"
"2529",2020-08-16,"2020",2020,321,"0"
"2530",2020-08-17,"2020",2020,322,"0"
"2531",2020-08-18,"2020",2020,323,"0"
"2532",2020-08-19,"2020",2020,324,"0"
"2533",2020-08-20,"2020",2020,325,"0"
"2534",2020-08-21,"2020",2020,326,"0"
"2535",2020-08-22,"2020",2020,327,"0"
"2536",2020-08-23,"2020",2020,328,"0"
"2537",2020-08-24,"2020",2020,329,"0"
"2538",2020-08-25,"2020",2020,330,"0"
"2539",2020-08-26,"2020",2020,331,"0"
"2540",2020-08-27,"2020",2020,332,"0"
"2541",2020-08-28,"2020",2020,333,"0"
"2542",2020-08-29,"2020",2020,334,"0"
"2543",2020-08-30,"2020",2020,335,"0"
"2544",2020-08-31,"2020",2020,336,"0"
"2545",2020-09-01,"2020",2020,337,"0"
"2546",2020-09-02,"2020",2020,338,"0"
"2547",2020-09-03,"2020",2020,339,"0"
"2548",2020-09-04,"2020",2020,340,"0"
"2549",2020-09-05,"2020",2020,341,"0"
"2550",2020-09-06,"2020",2020,342,"0"
"2551",2020-09-07,"2020",2020,343,"0"
"2552",2020-09-08,"2020",2020,344,"0"
"2553",2020-09-09,"2020",2020,345,"0"
"2554",2020-09-10,"2020",2020,346,"0"
"2555",2020-09-11,"2020",2020,347,"0"
"2556",2020-09-12,"2020",2020,348,"0"
"2557",2020-09-13,"2020",2020,349,"0"
"2558",2020-09-14,"2020",2020,350,"0"
"2559",2020-09-15,"2020",2020,351,"0"
"2560",2020-09-16,"2020",2020,352,"0"
"2561",2020-09-17,"2020",2020,353,"0"
"2562",2020-09-18,"2020",2020,354,"0"
"2563",2020-09-19,"2020",2020,355,"0"
"2564",2020-09-20,"2020",2020,356,"0"
"2565",2020-09-21,"2020",2020,357,"0"
"2566",2020-09-22,"2020",2020,358,"0"
"2567",2020-09-23,"2020",2020,359,"0"
"2568",2020-09-24,"2020",2020,360,"0"
"2569",2020-09-25,"2020",2020,361,"0"
"2570",2020-09-26,"2020",2020,362,"0"
"2571",2020-09-27,"2020",2020,363,"0"
"2572",2020-09-28,"2020",2020,364,"0"
"2573",2020-09-29,"2020",2020,365,"0"
"2574",2020-09-30,"2020",2020,366,"0"
"2575",2020-10-01,"2020",2021,1,"0"
"2576",2020-10-02,"2020",2021,2,"0"
"2577",2020-10-03,"2020",2021,3,"0"
"2578",2020-10-04,"2020",2021,4,"0"
"2579",2020-10-05,"2020",2021,5,"0"
"2580",2020-10-06,"2020",2021,6,"0"
"2581",2020-10-07,"2020",2021,7,"0"
"2582",2020-10-08,"2020",2021,8,"0"
"2583",2020-10-09,"2020",2021,9,"0"
"2584",2020-10-10,"2020",2021,10,"0"
"2585",2020-10-11,"2020",2021,11,"0"
"2586",2020-10-12,"2020",2021,12,"0"
"2587",2020-10-13,"2020",2021,13,"0"
"2588",2020-10-14,"2020",2021,14,"0"
"2589",2020-10-15,"2020",2021,15,"0"
"2590",2020-10-16,"2020",2021,16,"0"
"2591",2020-10-17,"2020",2021,17,"0"
"2592",2020-10-18,"2020",2021,18,"0"
"2593",2020-10-19,"2020",2021,19,"0"
"2594",2020-10-20,"2020",2021,20,"0"
"2595",2020-10-21,"2020",2021,21,"0"
"2596",2020-10-22,"2020",2021,22,"0"
"2597",2020-10-23,"2020",2021,23,"0"
"2598",2020-10-24,"2020",2021,24,"0"
"2599",2020-10-25,"2020",2021,25,"0"
"2600",2020-10-26,"2020",2021,26,"0"
"2601",2020-10-27,"2020",2021,27,"0"
"2602",2020-10-28,"2020",2021,28,"0"
"2603",2020-10-29,"2020",2021,29,"0"
"2604",2020-10-30,"2020",2021,30,"0"
"2605",2020-10-31,"2020",2021,31,"0"
"2606",2020-11-01,"2020",2021,32,"0"
"2607",2020-11-02,"2020",2021,33,"0"
"2608",2020-11-03,"2020",2021,34,"1"
"2609",2020-11-04,"2020",2021,35,"1"
"2610",2020-11-05,"2020",2021,36,"1"
"2611",2020-11-06,"2020",2021,37,"1"
"2612",2020-11-07,"2020",2021,38,"1"
"2613",2020-11-08,"2020",2021,39,"1"
"2614",2020-11-09,"2020",2021,40,"1"
"2615",2020-11-10,"2020",2021,41,"1"
"2616",2020-11-11,"2020",2021,42,"1"
"2617",2020-11-12,"2020",2021,43,"1"
"2618",2020-11-13,"2020",2021,44,"1"
"2619",2020-11-14,"2020",2021,45,"1"
"2620",2020-11-15,"2020",2021,46,"1"
"2621",2020-11-16,"2020",2021,47,"1"
"2622",2020-11-17,"2020",2021,48,"1"
"2623",2020-11-18,"2020",2021,49,"1"
"2624",2020-11-19,"2020",2021,50,"1"
"2625",2020-11-20,"2020",2021,51,"1"
"2626",2020-11-21,"2020",2021,52,"1"
"2627",2020-11-22,"2020",2021,53,"1"
"2628",2020-11-23,"2020",2021,54,"1"
"2629",2020-11-24,"2020",2021,55,"1"
"2630",2020-11-25,"2020",2021,56,"1"
"2631",2020-11-26,"2020",2021,57,"1"
"2632",2020-11-27,"2020",2021,58,"1"
"2633",2020-11-28,"2020",2021,59,"1"
"2634",2020-11-29,"2020",2021,60,"1"
"2635",2020-11-30,"2020",2021,61,"1"
"2636",2020-12-01,"2020",2021,62,"1"
"2637",2020-12-02,"2020",2021,63,"1"
"2638",2020-12-03,"2020",2021,64,"1"
"2639",2020-12-04,"2020",2021,65,"1"
"2640",2020-12-05,"2020",2021,66,"1"
"2641",2020-12-06,"2020",2021,67,"1"
"2642",2020-12-07,"2020",2021,68,"1"
"2643",2020-12-08,"2020",2021,69,"1"
"2644",2020-12-09,"2020",2021,70,"1"
"2645",2020-12-10,"2020",2021,71,"1"
"2646",2020-12-11,"2020",2021,72,"1"
"2647",2020-12-12,"2020",2021,73,"1"
"2648",2020-12-13,"2020",2021,74,"1"
"2649",2020-12-14,"2020",2021,75,"1"
"2650",2020-12-15,"2020",2021,76,"1"
"2651",2020-12-16,"2020",2021,77,"1"
"2652",2020-12-17,"2020",2021,78,"1"
"2653",2020-12-18,"2020",2021,79,"1"
"2654",2020-12-19,"2020",2021,80,"1"
"2655",2020-12-20,"2020",2021,81,"1"
"2656",2020-12-21,"2020",2021,82,"1"
"2657",2020-12-22,"2020",2021,83,"1"
"2658",2020-12-23,"2020",2021,84,"1"
"2659",2020-12-24,"2020",2021,85,"1"
"2660",2020-12-25,"2020",2021,86,"1"
"2661",2020-12-26,"2020",2021,87,"1"
"2662",2020-12-27,"2020",2021,88,"1"
"2663",2020-12-28,"2020",2021,89,"1"
"2664",2020-12-29,"2020",2021,90,"1"
"2665",2020-12-30,"2020",2021,91,"1"
"2666",2020-12-31,"2020",2021,92,"1"
"2667",2021-01-01,"2021",2021,93,"1"
"2668",2021-01-02,"2021",2021,94,"1"
"2669",2021-01-03,"2021",2021,95,"1"
"2670",2021-01-04,"2021",2021,96,"1"
"2671",2021-01-05,"2021",2021,97,"1"
"2672",2021-01-06,"2021",2021,98,"1"
"2673",2021-01-07,"2021",2021,99,"1"
"2674",2021-01-08,"2021",2021,100,"1"
"2675",2021-01-09,"2021",2021,101,"1"
"2676",2021-01-10,"2021",2021,102,"1"
"2677",2021-01-11,"2021",2021,103,"1"
"2678",2021-01-12,"2021",2021,104,"1"
"2679",2021-01-13,"2021",2021,105,"1"
"2680",2021-01-14,"2021",2021,106,"1"
"2681",2021-01-15,"2021",2021,107,"1"
"2682",2021-01-16,"2021",2021,108,"1"
"2683",2021-01-17,"2021",2021,109,"1"
"2684",2021-01-18,"2021",2021,110,"1"
"2685",2021-01-19,"2021",2021,111,"1"
"2686",2021-01-20,"2021",2021,112,"1"
"2687",2021-01-21,"2021",2021,113,"1"
"2688",2021-01-22,"2021",2021,114,"1"
"2689",2021-01-23,"2021",2021,115,"1"
"2690",2021-01-24,"2021",2021,116,"1"
"2691",2021-01-25,"2021",2021,117,"1"
"2692",2021-01-26,"2021",2021,118,"1"
"2693",2021-01-27,"2021",2021,119,"1"
"2694",2021-01-28,"2021",2021,120,"1"
"2695",2021-01-29,"2021",2021,121,"1"
"2696",2021-01-30,"2021",2021,122,"1"
"2697",2021-01-31,"2021",2021,123,"1"
"2698",2021-02-01,"2021",2021,124,"1"
"2699",2021-02-02,"2021",2021,125,"1"
"2700",2021-02-03,"2021",2021,126,"1"
"2701",2021-02-04,"2021",2021,127,"1"
"2702",2021-02-05,"2021",2021,128,"1"
"2703",2021-02-06,"2021",2021,129,"1"
"2704",2021-02-07,"2021",2021,130,"1"
"2705",2021-02-08,"2021",2021,131,"1"
"2706",2021-02-09,"2021",2021,132,"1"
"2707",2021-02-10,"2021",2021,133,"1"
"2708",2021-02-11,"2021",2021,134,"1"
"2709",2021-02-12,"2021",2021,135,"1"
"2710",2021-02-13,"2021",2021,136,"1"
"2711",2021-02-14,"2021",2021,137,"1"
"2712",2021-02-15,"2021",2021,138,"1"
"2713",2021-02-16,"2021",2021,139,"1"
"2714",2021-02-17,"2021",2021,140,"1"
"2715",2021-02-18,"2021",2021,141,"1"
"2716",2021-02-19,"2021",2021,142,"1"
"2717",2021-02-20,"2021",2021,143,"1"
"2718",2021-02-21,"2021",2021,144,"1"
"2719",2021-02-22,"2021",2021,145,"1"
"2720",2021-02-23,"2021",2021,146,"1"
"2721",2021-02-24,"2021",2021,147,"1"
"2722",2021-02-25,"2021",2021,148,"1"
"2723",2021-02-26,"2021",2021,149,"1"
"2724",2021-02-27,"2021",2021,150,"1"
"2725",2021-02-28,"2021",2021,151,"1"
"2726",2021-03-01,"2021",2021,152,"1"
"2727",2021-03-02,"2021",2021,153,"1"
"2728",2021-03-03,"2021",2021,154,"1"
"2729",2021-03-04,"2021",2021,155,"1"
"2730",2021-03-05,"2021",2021,156,"1"
"2731",2021-03-06,"2021",2021,157,"1"
"2732",2021-03-07,"2021",2021,158,"1"
"2733",2021-03-08,"2021",2021,159,"1"
"2734",2021-03-09,"2021",2021,160,"1"
"2735",2021-03-10,"2021",2021,161,"1"
"2736",2021-03-11,"2021",2021,162,"1"
"2737",2021-03-12,"2021",2021,163,"1"
"2738",2021-03-13,"2021",2021,164,"1"
"2739",2021-03-14,"2021",2021,165,"1"
"2740",2021-03-15,"2021",2021,166,"1"
"2741",2021-03-16,"2021",2021,167,"1"
"2742",2021-03-17,"2021",2021,168,"1"
"2743",2021-03-18,"2021",2021,169,"1"
"2744",2021-03-19,"2021",2021,170,"1"
"2745",2021-03-20,"2021",2021,171,"1"
"2746",2021-03-21,"2021",2021,172,"1"
"2747",2021-03-22,"2021",2021,173,"1"
"2748",2021-03-23,"2021",2021,174,"1"
"2749",2021-03-24,"2021",2021,175,"1"
"2750",2021-03-25,"2021",2021,176,"1"
"2751",2021-03-26,"2021",2021,177,"1"
"2752",2021-03-27,"2021",2021,178,"1"
"2753",2021-03-28,"2021",2021,179,"1"
"2754",2021-03-29,"2021",2021,180,"1"
"2755",2021-03-30,"2021",2021,181,"1"
"2756",2021-03-31,"2021",2021,182,"1"
"2757",2021-04-01,"2021",2021,183,"1"
"2758",2021-04-02,"2021",2021,184,"1"
"2759",2021-04-03,"2021",2021,185,"1"
"2760",2021-04-04,"2021",2021,186,"1"
"2761",2021-04-05,"2021",2021,187,"1"
"2762",2021-04-06,"2021",2021,188,"1"
"2763",2021-04-07,"2021",2021,189,"1"
"2764",2021-04-08,"2021",2021,190,"1"
"2765",2021-04-09,"2021",2021,191,"1"
"2766",2021-04-10,"2021",2021,192,"1"
"2767",2021-04-11,"2021",2021,193,"1"
"2768",2021-04-12,"2021",2021,194,"1"
"2769",2021-04-13,"2021",2021,195,"1"
"2770",2021-04-14,"2021",2021,196,"1"
"2771",2021-04-15,"2021",2021,197,"1"
"2772",2021-04-16,"2021",2021,198,"1"
"2773",2021-04-17,"2021",2021,199,"1"
"2774",2021-04-18,"2021",2021,200,"1"
"2775",2021-04-19,"2021",2021,201,"1"
"2776",2021-04-20,"2021",2021,202,"1"
"2777",2021-04-21,"2021",2021,203,"1"
"2778",2021-04-22,"2021",2021,204,"1"
"2779",2021-04-23,"2021",2021,205,"1"
"2780",2021-04-24,"2021",2021,206,"1"
"2781",2021-04-25,"2021",2021,207,"1"
"2782",2021-04-26,"2021",2021,208,"1"
"2783",2021-04-27,"2021",2021,209,"1"
"2784",2021-04-28,"2021",2021,210,"1"
"2785",2021-04-29,"2021",2021,211,"1"
"2786",2021-04-30,"2021",2021,212,"1"
"2787",2021-05-01,"2021",2021,213,"1"
"2788",2021-05-02,"2021",2021,214,"1"
"2789",2021-05-03,"2021",2021,215,"1"
"2790",2021-05-04,"2021",2021,216,"1"
"2791",2021-05-05,"2021",2021,217,"1"
"2792",2021-05-06,"2021",2021,218,"1"
"2793",2021-05-07,"2021",2021,219,"1"
"2794",2021-05-08,"2021",2021,220,"1"
"2795",2021-05-09,"2021",2021,221,"1"
"2796",2021-05-10,"2021",2021,222,"1"
"2797",2021-05-11,"2021",2021,223,"1"
"2798",2021-05-12,"2021",2021,224,"1"
"2799",2021-05-13,"2021",2021,225,"1"
"2800",2021-05-14,"2021",2021,226,"1"
"2801",2021-05-15,"2021",2021,227,"1"
"2802",2021-05-16,"2021",2021,228,"1"
"2803",2021-05-17,"2021",2021,229,"1"
"2804",2021-05-18,"2021",2021,230,"1"
"2805",2021-05-19,"2021",2021,231,"1"
"2806",2021-05-20,"2021",2021,232,"1"
"2807",2021-05-21,"2021",2021,233,"1"
"2808",2021-05-22,"2021",2021,234,"1"
"2809",2021-05-23,"2021",2021,235,"1"
"2810",2021-05-24,"2021",2021,236,"1"
"2811",2021-05-25,"2021",2021,237,"1"
"2812",2021-05-26,"2021",2021,238,"1"
"2813",2021-05-27,"2021",2021,239,"1"
"2814",2021-05-28,"2021",2021,240,"1"
"2815",2021-05-29,"2021",2021,241,"1"
"2816",2021-05-30,"2021",2021,242,"1"
"2817",2021-05-31,"2021",2021,243,"1"
"2818",2021-06-01,"2021",2021,244,"1"
"2819",2021-06-02,"2021",2021,245,"1"
"2820",2021-06-03,"2021",2021,246,"1"
"2821",2021-06-04,"2021",2021,247,"1"
"2822",2021-06-05,"2021",2021,248,"1"
"2823",2021-06-06,"2021",2021,249,"1"
"2824",2021-06-07,"2021",2021,250,"1"
"2825",2021-06-08,"2021",2021,251,"1"
"2826",2021-06-09,"2021",2021,252,"1"
"2827",2021-06-10,"2021",2021,253,"1"
"2828",2021-06-11,"2021",2021,254,"1"
"2829",2021-06-12,"2021",2021,255,"0"
"2830",2021-06-13,"2021",2021,256,"0"
"2831",2021-06-14,"2021",2021,257,"0"
"2832",2021-06-15,"2021",2021,258,"0"
"2833",2021-06-16,"2021",2021,259,"0"
"2834",2021-06-17,"2021",2021,260,"0"
"2835",2021-06-18,"2021",2021,261,"0"
"2836",2021-06-19,"2021",2021,262,"0"
"2837",2021-06-20,"2021",2021,263,"0"
"2838",2021-06-21,"2021",2021,264,"0"
"2839",2021-06-22,"2021",2021,265,"0"
"2840",2021-06-23,"2021",2021,266,"0"
"2841",2021-06-24,"2021",2021,267,"0"
"2842",2021-06-25,"2021",2021,268,"0"
"2843",2021-06-26,"2021",2021,269,"0"
"2844",2021-06-27,"2021",2021,270,"0"
"2845",2021-06-28,"2021",2021,271,"0"
"2846",2021-06-29,"2021",2021,272,"0"
"2847",2021-06-30,"2021",2021,273,"0"
"2848",2021-07-01,"2021",2021,274,"0"
"2849",2021-07-02,"2021",2021,275,"0"
"2850",2021-07-03,"2021",2021,276,"0"
"2851",2021-07-04,"2021",2021,277,"0"
"2852",2021-07-05,"2021",2021,278,"0"
"2853",2021-07-06,"2021",2021,279,"0"
"2854",2021-07-07,"2021",2021,280,"0"
"2855",2021-07-08,"2021",2021,281,"0"
"2856",2021-07-09,"2021",2021,282,"0"
"2857",2021-07-10,"2021",2021,283,"0"
"2858",2021-07-11,"2021",2021,284,"0"
"2859",2021-07-12,"2021",2021,285,"0"
"2860",2021-07-13,"2021",2021,286,"0"
"2861",2021-07-14,"2021",2021,287,"0"
"2862",2021-07-15,"2021",2021,288,"0"
"2863",2021-07-16,"2021",2021,289,"0"
"2864",2021-07-17,"2021",2021,290,"0"
"2865",2021-07-18,"2021",2021,291,"0"
"2866",2021-07-19,"2021",2021,292,"0"
"2867",2021-07-20,"2021",2021,293,"0"
"2868",2021-07-21,"2021",2021,294,"0"
"2869",2021-07-22,"2021",2021,295,"0"
"2870",2021-07-23,"2021",2021,296,"0"
"2871",2021-07-24,"2021",2021,297,"0"
"2872",2021-07-25,"2021",2021,298,"0"
"2873",2021-07-26,"2021",2021,299,"0"
"2874",2021-07-27,"2021",2021,300,"0"
"2875",2021-07-28,"2021",2021,301,"0"
"2876",2021-07-29,"2021",2021,302,"0"
"2877",2021-07-30,"2021",2021,303,"0"
"2878",2021-07-31,"2021",2021,304,"0"
"2879",2021-08-01,"2021",2021,305,"0"
"2880",2021-08-02,"2021",2021,306,"0"
"2881",2021-08-03,"2021",2021,307,"0"
"2882",2021-08-04,"2021",2021,308,"0"
"2883",2021-08-05,"2021",2021,309,"0"
"2884",2021-08-06,"2021",2021,310,"0"
"2885",2021-08-07,"2021",2021,311,"0"
"2886",2021-08-08,"2021",2021,312,"0"
"2887",2021-08-09,"2021",2021,313,"0"
"2888",2021-08-10,"2021",2021,314,"0"
"2889",2021-08-11,"2021",2021,315,"0"
"2890",2021-08-12,"2021",2021,316,"0"
"2891",2021-08-13,"2021",2021,317,"0"
"2892",2021-08-14,"2021",2021,318,"0"
"2893",2021-08-15,"2021",2021,319,"0"
"2894",2021-08-16,"2021",2021,320,"0"
"2895",2021-08-17,"2021",2021,321,"0"
"2896",2021-08-18,"2021",2021,322,"0"
"2897",2021-08-19,"2021",2021,323,"0"
"2898",2021-08-20,"2021",2021,324,"0"
"2899",2021-08-21,"2021",2021,325,"0"
"2900",2021-08-22,"2021",2021,326,"0"
"2901",2021-08-23,"2021",2021,327,"0"
"2902",2021-08-24,"2021",2021,328,"0"
"2903",2021-08-25,"2021",2021,329,"0"
"2904",2021-08-26,"2021",2021,330,"0"
"2905",2021-08-27,"2021",2021,331,"0"
"2906",2021-08-28,"2021",2021,332,"0"
"2907",2021-08-29,"2021",2021,333,"0"
"2908",2021-08-30,"2021",2021,334,"0"
"2909",2021-08-31,"2021",2021,335,"0"
"2910",2021-09-01,"2021",2021,336,"0"
"2911",2021-09-02,"2021",2021,337,"0"
"2912",2021-09-03,"2021",2021,338,"0"
"2913",2021-09-04,"2021",2021,339,"0"
"2914",2021-09-05,"2021",2021,340,"0"
"2915",2021-09-06,"2021",2021,341,"0"
"2916",2021-09-07,"2021",2021,342,"0"
"2917",2021-09-08,"2021",2021,343,"0"
"2918",2021-09-09,"2021",2021,344,"0"
"2919",2021-09-10,"2021",2021,345,"0"
"2920",2021-09-11,"2021",2021,346,"0"
"2921",2021-09-12,"2021",2021,347,"0"
"2922",2021-09-13,"2021",2021,348,"0"
"2923",2021-09-14,"2021",2021,349,"0"
"2924",2021-09-15,"2021",2021,350,"0"
"2925",2021-09-16,"2021",2021,351,"0"
"2926",2021-09-17,"2021",2021,352,"0"
"2927",2021-09-18,"2021",2021,353,"0"
"2928",2021-09-19,"2021",2021,354,"0"
"2929",2021-09-20,"2021",2021,355,"0"
"2930",2021-09-21,"2021",2021,356,"0"
"2931",2021-09-22,"2021",2021,357,"0"
"2932",2021-09-23,"2021",2021,358,"0"
"2933",2021-09-24,"2021",2021,359,"0"
"2934",2021-09-25,"2021",2021,360,"0"
"2935",2021-09-26,"2021",2021,361,"0"
"2936",2021-09-27,"2021",2021,362,"0"
"2937",2021-09-28,"2021",2021,363,"0"
"2938",2021-09-29,"2021",2021,364,"0"
"2939",2021-09-30,"2021",2021,365,"0"
"2940",2021-10-01,"2021",2022,1,"0"
"2941",2021-10-02,"2021",2022,2,"0"
"2942",2021-10-03,"2021",2022,3,"0"
"2943",2021-10-04,"2021",2022,4,"0"
"2944",2021-10-05,"2021",2022,5,"0"
"2945",2021-10-06,"2021",2022,6,"0"
"2946",2021-10-07,"2021",2022,7,"0"
"2947",2021-10-08,"2021",2022,8,"0"
"2948",2021-10-09,"2021",2022,9,"0"
"2949",2021-10-10,"2021",2022,10,"0"
"2950",2021-10-11,"2021",2022,11,"0"
"2951",2021-10-12,"2021",2022,12,"0"
"2952",2021-10-13,"2021",2022,13,"0"
"2953",2021-10-14,"2021",2022,14,"0"
"2954",2021-10-15,"2021",2022,15,"0"
"2955",2021-10-16,"2021",2022,16,"0"
"2956",2021-10-17,"2021",2022,17,"0"
"2957",2021-10-18,"2021",2022,18,"0"
"2958",2021-10-19,"2021",2022,19,"0"
"2959",2021-10-20,"2021",2022,20,"0"
"2960",2021-10-21,"2021",2022,21,"0"
"2961",2021-10-22,"2021",2022,22,"0"
"2962",2021-10-23,"2021",2022,23,"0"
"2963",2021-10-24,"2021",2022,24,"0"
"2964",2021-10-25,"2021",2022,25,"0"
"2965",2021-10-26,"2021",2022,26,"0"
"2966",2021-10-27,"2021",2022,27,"0"
"2967",2021-10-28,"2021",2022,28,"0"
"2968",2021-10-29,"2021",2022,29,"0"
"2969",2021-10-30,"2021",2022,30,"0"
"2970",2021-10-31,"2021",2022,31,"0"
"2971",2021-11-01,"2021",2022,32,"0"
"2972",2021-11-02,"2021",2022,33,"0"
"2973",2021-11-03,"2021",2022,34,"0"
"2974",2021-11-04,"2021",2022,35,"0"
"2975",2021-11-05,"2021",2022,36,"0"
"2976",2021-11-06,"2021",2022,37,"0"
"2977",2021-11-07,"2021",2022,38,"0"
"2978",2021-11-08,"2021",2022,39,"0"
"2979",2021-11-09,"2021",2022,40,"0"
"2980",2021-11-10,"2021",2022,41,"0"
"2981",2021-11-11,"2021",2022,42,"1"
"2982",2021-11-12,"2021",2022,43,"1"
"2983",2021-11-13,"2021",2022,44,"1"
"2984",2021-11-14,"2021",2022,45,"1"
"2985",2021-11-15,"2021",2022,46,"1"
"2986",2021-11-16,"2021",2022,47,"1"
"2987",2021-11-17,"2021",2022,48,"1"
"2988",2021-11-18,"2021",2022,49,"1"
"2989",2021-11-19,"2021",2022,50,"1"
"2990",2021-11-20,"2021",2022,51,"1"
"2991",2021-11-21,"2021",2022,52,"1"
"2992",2021-11-22,"2021",2022,53,"1"
"2993",2021-11-23,"2021",2022,54,"1"
"2994",2021-11-24,"2021",2022,55,"1"
"2995",2021-11-25,"2021",2022,56,"1"
"2996",2021-11-26,"2021",2022,57,"1"
"2997",2021-11-27,"2021",2022,58,"1"
"2998",2021-11-28,"2021",2022,59,"1"
"2999",2021-11-29,"2021",2022,60,"1"
"3000",2021-11-30,"2021",2022,61,"1"
"3001",2021-12-01,"2021",2022,62,"1"
"3002",2021-12-02,"2021",2022,63,"1"
"3003",2021-12-03,"2021",2022,64,"1"
"3004",2021-12-04,"2021",2022,65,"1"
"3005",2021-12-05,"2021",2022,66,"1"
"3006",2021-12-06,"2021",2022,67,"1"
"3007",2021-12-07,"2021",2022,68,"1"
"3008",2021-12-08,"2021",2022,69,"1"
"3009",2021-12-09,"2021",2022,70,"1"
"3010",2021-12-10,"2021",2022,71,"1"
"3011",2021-12-11,"2021",2022,72,"1"
"3012",2021-12-12,"2021",2022,73,"1"
"3013",2021-12-13,"2021",2022,74,"1"
"3014",2021-12-14,"2021",2022,75,"1"
"3015",2021-12-15,"2021",2022,76,"1"
"3016",2021-12-16,"2021",2022,77,"1"
"3017",2021-12-17,"2021",2022,78,"1"
"3018",2021-12-18,"2021",2022,79,"1"
"3019",2021-12-19,"2021",2022,80,"1"
"3020",2021-12-20,"2021",2022,81,"1"
"3021",2021-12-21,"2021",2022,82,"1"
"3022",2021-12-22,"2021",2022,83,"1"
"3023",2021-12-23,"2021",2022,84,"1"
"3024",2021-12-24,"2021",2022,85,"1"
"3025",2021-12-25,"2021",2022,86,"1"
"3026",2021-12-26,"2021",2022,87,"1"
"3027",2021-12-27,"2021",2022,88,"1"
"3028",2021-12-28,"2021",2022,89,"1"
"3029",2021-12-29,"2021",2022,90,"1"
"3030",2021-12-30,"2021",2022,91,"1"
"3031",2021-12-31,"2021",2022,92,"1"
"3032",2022-01-01,"2022",2022,93,"1"
"3033",2022-01-02,"2022",2022,94,"1"
"3034",2022-01-03,"2022",2022,95,"1"
"3035",2022-01-04,"2022",2022,96,"1"
"3036",2022-01-05,"2022",2022,97,"1"
"3037",2022-01-06,"2022",2022,98,"1"
"3038",2022-01-07,"2022",2022,99,"1"
"3039",2022-01-08,"2022",2022,100,"1"
"3040",2022-01-09,"2022",2022,101,"1"
"3041",2022-01-10,"2022",2022,102,"1"
"3042",2022-01-11,"2022",2022,103,"1"
"3043",2022-01-12,"2022",2022,104,"1"
"3044",2022-01-13,"2022",2022,105,"1"
"3045",2022-01-14,"2022",2022,106,"1"
"3046",2022-01-15,"2022",2022,107,"1"
"3047",2022-01-16,"2022",2022,108,"1"
"3048",2022-01-17,"2022",2022,109,"1"
"3049",2022-01-18,"2022",2022,110,"1"
"3050",2022-01-19,"2022",2022,111,"1"
"3051",2022-01-20,"2022",2022,112,"1"
"3052",2022-01-21,"2022",2022,113,"1"
"3053",2022-01-22,"2022",2022,114,"1"
"3054",2022-01-23,"2022",2022,115,"1"
"3055",2022-01-24,"2022",2022,116,"1"
"3056",2022-01-25,"2022",2022,117,"1"
"3057",2022-01-26,"2022",2022,118,"1"
"3058",2022-01-27,"2022",2022,119,"1"
"3059",2022-01-28,"2022",2022,120,"1"
"3060",2022-01-29,"2022",2022,121,"1"
"3061",2022-01-30,"2022",2022,122,"1"
"3062",2022-01-31,"2022",2022,123,"1"
"3063",2022-02-01,"2022",2022,124,"1"
"3064",2022-02-02,"2022",2022,125,"1"
"3065",2022-02-03,"2022",2022,126,"1"
"3066",2022-02-04,"2022",2022,127,"1"
"3067",2022-02-05,"2022",2022,128,"1"
"3068",2022-02-06,"2022",2022,129,"1"
"3069",2022-02-07,"2022",2022,130,"1"
"3070",2022-02-08,"2022",2022,131,"1"
"3071",2022-02-09,"2022",2022,132,"1"
"3072",2022-02-10,"2022",2022,133,"1"
"3073",2022-02-11,"2022",2022,134,"1"
"3074",2022-02-12,"2022",2022,135,"1"
"3075",2022-02-13,"2022",2022,136,"1"
"3076",2022-02-14,"2022",2022,137,"1"
"3077",2022-02-15,"2022",2022,138,"1"
"3078",2022-02-16,"2022",2022,139,"1"
"3079",2022-02-17,"2022",2022,140,"1"
"3080",2022-02-18,"2022",2022,141,"1"
"3081",2022-02-19,"2022",2022,142,"1"
"3082",2022-02-20,"2022",2022,143,"1"
"3083",2022-02-21,"2022",2022,144,"1"
"3084",2022-02-22,"2022",2022,145,"1"
"3085",2022-02-23,"2022",2022,146,"1"
"3086",2022-02-24,"2022",2022,147,"1"
"3087",2022-02-25,"2022",2022,148,"1"
"3088",2022-02-26,"2022",2022,149,"1"
"3089",2022-02-27,"2022",2022,150,"1"
"3090",2022-02-28,"2022",2022,151,"1"
"3091",2022-03-01,"2022",2022,152,"1"
"3092",2022-03-02,"2022",2022,153,"1"
"3093",2022-03-03,"2022",2022,154,"1"
"3094",2022-03-04,"2022",2022,155,"1"
"3095",2022-03-05,"2022",2022,156,"1"
"3096",2022-03-06,"2022",2022,157,"1"
"3097",2022-03-07,"2022",2022,158,"1"
"3098",2022-03-08,"2022",2022,159,"1"
"3099",2022-03-09,"2022",2022,160,"1"
"3100",2022-03-10,"2022",2022,161,"1"
"3101",2022-03-11,"2022",2022,162,"1"
"3102",2022-03-12,"2022",2022,163,"1"
"3103",2022-03-13,"2022",2022,164,"1"
"3104",2022-03-14,"2022",2022,165,"1"
"3105",2022-03-15,"2022",2022,166,"1"
"3106",2022-03-16,"2022",2022,167,"1"
"3107",2022-03-17,"2022",2022,168,"1"
"3108",2022-03-18,"2022",2022,169,"1"
"3109",2022-03-19,"2022",2022,170,"1"
"3110",2022-03-20,"2022",2022,171,"1"
"3111",2022-03-21,"2022",2022,172,"1"
"3112",2022-03-22,"2022",2022,173,"1"
"3113",2022-03-23,"2022",2022,174,"1"
"3114",2022-03-24,"2022",2022,175,"1"
"3115",2022-03-25,"2022",2022,176,"1"
"3116",2022-03-26,"2022",2022,177,"1"
"3117",2022-03-27,"2022",2022,178,"1"
"3118",2022-03-28,"2022",2022,179,"1"
"3119",2022-03-29,"2022",2022,180,"1"
"3120",2022-03-30,"2022",2022,181,"1"
"3121",2022-03-31,"2022",2022,182,"1"
"3122",2022-04-01,"2022",2022,183,"1"
"3123",2022-04-02,"2022",2022,184,"1"
"3124",2022-04-03,"2022",2022,185,"1"
"3125",2022-04-04,"2022",2022,186,"1"
"3126",2022-04-05,"2022",2022,187,"1"
"3127",2022-04-06,"2022",2022,188,"1"
"3128",2022-04-07,"2022",2022,189,"1"
"3129",2022-04-08,"2022",2022,190,"1"
"3130",2022-04-09,"2022",2022,191,"1"
"3131",2022-04-10,"2022",2022,192,"1"
"3132",2022-04-11,"2022",2022,193,"1"
"3133",2022-04-12,"2022",2022,194,"1"
"3134",2022-04-13,"2022",2022,195,"1"
"3135",2022-04-14,"2022",2022,196,"1"
"3136",2022-04-15,"2022",2022,197,"1"
"3137",2022-04-16,"2022",2022,198,"1"
"3138",2022-04-17,"2022",2022,199,"1"
"3139",2022-04-18,"2022",2022,200,"1"
"3140",2022-04-19,"2022",2022,201,"1"
"3141",2022-04-20,"2022",2022,202,"1"
"3142",2022-04-21,"2022",2022,203,"1"
"3143",2022-04-22,"2022",2022,204,"1"
"3144",2022-04-23,"2022",2022,205,"1"
"3145",2022-04-24,"2022",2022,206,"1"
"3146",2022-04-25,"2022",2022,207,"1"
"3147",2022-04-26,"2022",2022,208,"1"
"3148",2022-04-27,"2022",2022,209,"1"
"3149",2022-04-28,"2022",2022,210,"1"
"3150",2022-04-29,"2022",2022,211,"1"
"3151",2022-04-30,"2022",2022,212,"1"
"3152",2022-05-01,"2022",2022,213,"1"
"3153",2022-05-02,"2022",2022,214,"1"
"3154",2022-05-03,"2022",2022,215,"1"
"3155",2022-05-04,"2022",2022,216,"1"
"3156",2022-05-05,"2022",2022,217,"1"
"3157",2022-05-06,"2022",2022,218,"1"
"3158",2022-05-07,"2022",2022,219,"1"
"3159",2022-05-08,"2022",2022,220,"1"
"3160",2022-05-09,"2022",2022,221,"1"
"3161",2022-05-10,"2022",2022,222,"1"
"3162",2022-05-11,"2022",2022,223,"1"
"3163",2022-05-12,"2022",2022,224,"1"
"3164",2022-05-13,"2022",2022,225,"1"
"3165",2022-05-14,"2022",2022,226,"1"
"3166",2022-05-15,"2022",2022,227,"1"
"3167",2022-05-16,"2022",2022,228,"1"
"3168",2022-05-17,"2022",2022,229,"1"
"3169",2022-05-18,"2022",2022,230,"1"
"3170",2022-05-19,"2022",2022,231,"1"
"3171",2022-05-20,"2022",2022,232,"1"
"3172",2022-05-21,"2022",2022,233,"1"
"3173",2022-05-22,"2022",2022,234,"1"
"3174",2022-05-23,"2022",2022,235,"1"
"3175",2022-05-24,"2022",2022,236,"1"
"3176",2022-05-25,"2022",2022,237,"1"
"3177",2022-05-26,"2022",2022,238,"1"
"3178",2022-05-27,"2022",2022,239,"1"
"3179",2022-05-28,"2022",2022,240,"1"
"3180",2022-05-29,"2022",2022,241,"1"
"3181",2022-05-30,"2022",2022,242,"1"
"3182",2022-05-31,"2022",2022,243,"1"
"3183",2022-06-01,"2022",2022,244,"0"
"3184",2022-06-02,"2022",2022,245,"0"
"3185",2022-06-03,"2022",2022,246,"0"
"3186",2022-06-04,"2022",2022,247,"0"
"3187",2022-06-05,"2022",2022,248,"0"
"3188",2022-06-06,"2022",2022,249,"0"
"3189",2022-06-07,"2022",2022,250,"0"
"3190",2022-06-08,"2022",2022,251,"0"
"3191",2022-06-09,"2022",2022,252,"0"
"3192",2022-06-10,"2022",2022,253,"0"
"3193",2022-06-11,"2022",2022,254,"0"
"3194",2022-06-12,"2022",2022,255,"0"
"3195",2022-06-13,"2022",2022,256,"0"
"3196",2022-06-14,"2022",2022,257,"0"
"3197",2022-06-15,"2022",2022,258,"0"
"3198",2022-06-16,"2022",2022,259,"0"
"3199",2022-06-17,"2022",2022,260,"0"
"3200",2022-06-18,"2022",2022,261,"0"
"3201",2022-06-19,"2022",2022,262,"0"
"3202",2022-06-20,"2022",2022,263,"0"
"3203",2022-06-21,"2022",2022,264,"0"
"3204",2022-06-22,"2022",2022,265,"0"
"3205",2022-06-23,"2022",2022,266,"0"
"3206",2022-06-24,"2022",2022,267,"0"
"3207",2022-06-25,"2022",2022,268,"0"
"3208",2022-06-26,"2022",2022,269,"0"
"3209",2022-06-27,"2022",2022,270,"0"
"3210",2022-06-28,"2022",2022,271,"0"
"3211",2022-06-29,"2022",2022,272,"0"
"3212",2022-06-30,"2022",2022,273,"0"
"3213",2022-07-01,"2022",2022,274,"0"
"3214",2022-07-02,"2022",2022,275,"0"
"3215",2022-07-03,"2022",2022,276,"0"
"3216",2022-07-04,"2022",2022,277,"0"
"3217",2022-07-05,"2022",2022,278,"0"
"3218",2022-07-06,"2022",2022,279,"0"
"3219",2022-07-07,"2022",2022,280,"0"
"3220",2022-07-08,"2022",2022,281,"0"
"3221",2022-07-09,"2022",2022,282,"0"
"3222",2022-07-10,"2022",2022,283,"0"
"3223",2022-07-11,"2022",2022,284,"0"
"3224",2022-07-12,"2022",2022,285,"0"
"3225",2022-07-13,"2022",2022,286,"0"
"3226",2022-07-14,"2022",2022,287,"0"
"3227",2022-07-15,"2022",2022,288,"0"
"3228",2022-07-16,"2022",2022,289,"0"
"3229",2022-07-17,"2022",2022,290,"0"
"3230",2022-07-18,"2022",2022,291,"0"
"3231",2022-07-19,"2022",2022,292,"0"
"3232",2022-07-20,"2022",2022,293,"0"
"3233",2022-07-21,"2022",2022,294,"0"
"3234",2022-07-22,"2022",2022,295,"0"
"3235",2022-07-23,"2022",2022,296,"0"
"3236",2022-07-24,"2022",2022,297,"0"
"3237",2022-07-25,"2022",2022,298,"0"
"3238",2022-07-26,"2022",2022,299,"0"
"3239",2022-07-27,"2022",2022,300,"0"
"3240",2022-07-28,"2022",2022,301,"0"
"3241",2022-07-29,"2022",2022,302,"0"
"3242",2022-07-30,"2022",2022,303,"0"
"3243",2022-07-31,"2022",2022,304,"0"
"3244",2022-08-01,"2022",2022,305,"0"
"3245",2022-08-02,"2022",2022,306,"0"
"3246",2022-08-03,"2022",2022,307,"0"
"3247",2022-08-04,"2022",2022,308,"0"
"3248",2022-08-05,"2022",2022,309,"0"
"3249",2022-08-06,"2022",2022,310,"0"
"3250",2022-08-07,"2022",2022,311,"0"
"3251",2022-08-08,"2022",2022,312,"0"
"3252",2022-08-09,"2022",2022,313,"0"
"3253",2022-08-10,"2022",2022,314,"0"
"3254",2022-08-11,"2022",2022,315,"0"
"3255",2022-08-12,"2022",2022,316,"0"
"3256",2022-08-13,"2022",2022,317,"0"
"3257",2022-08-14,"2022",2022,318,"0"
"3258",2022-08-15,"2022",2022,319,"0"
"3259",2022-08-16,"2022",2022,320,"0"
"3260",2022-08-17,"2022",2022,321,"0"
"3261",2022-08-18,"2022",2022,322,"0"
"3262",2022-08-19,"2022",2022,323,"0"
"3263",2022-08-20,"2022",2022,324,"0"
"3264",2022-08-21,"2022",2022,325,"0"
"3265",2022-08-22,"2022",2022,326,"0"
"3266",2022-08-23,"2022",2022,327,"0"
"3267",2022-08-24,"2022",2022,328,"0"
"3268",2022-08-25,"2022",2022,329,"0"
"3269",2022-08-26,"2022",2022,330,"0"
"3270",2022-08-27,"2022",2022,331,"0"
"3271",2022-08-28,"2022",2022,332,"0"
"3272",2022-08-29,"2022",2022,333,"0"
"3273",2022-08-30,"2022",2022,334,"0"
"3274",2022-08-31,"2022",2022,335,"0"
"3275",2022-09-01,"2022",2022,336,"0"
"3276",2022-09-02,"2022",2022,337,"0"
"3277",2022-09-03,"2022",2022,338,"0"
"3278",2022-09-04,"2022",2022,339,"0"
"3279",2022-09-05,"2022",2022,340,"0"
"3280",2022-09-06,"2022",2022,341,"0"
"3281",2022-09-07,"2022",2022,342,"0"
"3282",2022-09-08,"2022",2022,343,"0"
"3283",2022-09-09,"2022",2022,344,"0"
"3284",2022-09-10,"2022",2022,345,"0"
"3285",2022-09-11,"2022",2022,346,"0"
"3286",2022-09-12,"2022",2022,347,"0"
"3287",2022-09-13,"2022",2022,348,"0"
"3288",2022-09-14,"2022",2022,349,"0"
"3289",2022-09-15,"2022",2022,350,"0"
"3290",2022-09-16,"2022",2022,351,"0"
"3291",2022-09-17,"2022",2022,352,"0"
"3292",2022-09-18,"2022",2022,353,"0"
"3293",2022-09-19,"2022",2022,354,"0"
"3294",2022-09-20,"2022",2022,355,"0"
"3295",2022-09-21,"2022",2022,356,"0"
"3296",2022-09-22,"2022",2022,357,"0"
"3297",2022-09-23,"2022",2022,358,"0"
"3298",2022-09-24,"2022",2022,359,"0"
"3299",2022-09-25,"2022",2022,360,"0"
"3300",2022-09-26,"2022",2022,361,"0"
"3301",2022-09-27,"2022",2022,362,"0"
"3302",2022-09-28,"2022",2022,363,"0"
"3303",2022-09-29,"2022",2022,364,"0"
"3304",2022-09-30,"2022",2022,365,"0"
"3305",2022-10-01,"2022",2023,1,"0"
"3306",2022-10-02,"2022",2023,2,"0"
"3307",2022-10-03,"2022",2023,3,"0"
"3308",2022-10-04,"2022",2023,4,"0"
"3309",2022-10-05,"2022",2023,5,"0"
"3310",2022-10-06,"2022",2023,6,"0"
"3311",2022-10-07,"2022",2023,7,"0"
"3312",2022-10-08,"2022",2023,8,"0"
"3313",2022-10-09,"2022",2023,9,"0"
"3314",2022-10-10,"2022",2023,10,"0"
"3315",2022-10-11,"2022",2023,11,"0"
"3316",2022-10-12,"2022",2023,12,"0"
"3317",2022-10-13,"2022",2023,13,"0"
"3318",2022-10-14,"2022",2023,14,"0"
"3319",2022-10-15,"2022",2023,15,"0"
"3320",2022-10-16,"2022",2023,16,"0"
"3321",2022-10-17,"2022",2023,17,"0"
"3322",2022-10-18,"2022",2023,18,"0"
"3323",2022-10-19,"2022",2023,19,"0"
"3324",2022-10-20,"2022",2023,20,"0"
"3325",2022-10-21,"2022",2023,21,"0"
"3326",2022-10-22,"2022",2023,22,"0"
"3327",2022-10-23,"2022",2023,23,"0"
"3328",2022-10-24,"2022",2023,24,"0"
"3329",2022-10-25,"2022",2023,25,"0"
"3330",2022-10-26,"2022",2023,26,"0"
"3331",2022-10-27,"2022",2023,27,"0"
"3332",2022-10-28,"2022",2023,28,"0"
"3333",2022-10-29,"2022",2023,29,"0"
"3334",2022-10-30,"2022",2023,30,"0"
"3335",2022-10-31,"2022",2023,31,"1"
"3336",2022-11-01,"2022",2023,32,"1"
"3337",2022-11-02,"2022",2023,33,"1"
"3338",2022-11-03,"2022",2023,34,"1"
"3339",2022-11-04,"2022",2023,35,"1"
"3340",2022-11-05,"2022",2023,36,"1"
"3341",2022-11-06,"2022",2023,37,"1"
"3342",2022-11-07,"2022",2023,38,"1"
"3343",2022-11-08,"2022",2023,39,"1"
"3344",2022-11-09,"2022",2023,40,"1"
"3345",2022-11-10,"2022",2023,41,"1"
"3346",2022-11-11,"2022",2023,42,"1"
"3347",2022-11-12,"2022",2023,43,"1"
"3348",2022-11-13,"2022",2023,44,"1"
"3349",2022-11-14,"2022",2023,45,"1"
"3350",2022-11-15,"2022",2023,46,"1"
"3351",2022-11-16,"2022",2023,47,"1"
"3352",2022-11-17,"2022",2023,48,"1"
"3353",2022-11-18,"2022",2023,49,"1"
"3354",2022-11-19,"2022",2023,50,"1"
"3355",2022-11-20,"2022",2023,51,"1"
"3356",2022-11-21,"2022",2023,52,"1"
"3357",2022-11-22,"2022",2023,53,"1"
"3358",2022-11-23,"2022",2023,54,"1"
"3359",2022-11-24,"2022",2023,55,"1"
"3360",2022-11-25,"2022",2023,56,"1"
"3361",2022-11-26,"2022",2023,57,"1"
"3362",2022-11-27,"2022",2023,58,"1"
"3363",2022-11-28,"2022",2023,59,"1"
"3364",2022-11-29,"2022",2023,60,"1"
"3365",2022-11-30,"2022",2023,61,"1"
"3366",2022-12-01,"2022",2023,62,"1"
"3367",2022-12-02,"2022",2023,63,"1"
"3368",2022-12-03,"2022",2023,64,"1"
"3369",2022-12-04,"2022",2023,65,"1"
"3370",2022-12-05,"2022",2023,66,"1"
"3371",2022-12-06,"2022",2023,67,"1"
"3372",2022-12-07,"2022",2023,68,"1"
"3373",2022-12-08,"2022",2023,69,"1"
"3374",2022-12-09,"2022",2023,70,"1"
"3375",2022-12-10,"2022",2023,71,"1"
"3376",2022-12-11,"2022",2023,72,"1"
"3377",2022-12-12,"2022",2023,73,"1"
"3378",2022-12-13,"2022",2023,74,"1"
"3379",2022-12-14,"2022",2023,75,"1"
"3380",2022-12-15,"2022",2023,76,"1"
"3381",2022-12-16,"2022",2023,77,"1"
"3382",2022-12-17,"2022",2023,78,"1"
"3383",2022-12-18,"2022",2023,79,"1"
"3384",2022-12-19,"2022",2023,80,"1"
"3385",2022-12-20,"2022",2023,81,"1"
"3386",2022-12-21,"2022",2023,82,"1"
"3387",2022-12-22,"2022",2023,83,"1"
"3388",2022-12-23,"2022",2023,84,"1"
"3389",2022-12-24,"2022",2023,85,"1"
"3390",2022-12-25,"2022",2023,86,"1"
"3391",2022-12-26,"2022",2023,87,"1"
"3392",2022-12-27,"2022",2023,88,"1"
"3393",2022-12-28,"2022",2023,89,"1"
"3394",2022-12-29,"2022",2023,90,"1"
"3395",2022-12-30,"2022",2023,91,"1"
"3396",2022-12-31,"2022",2023,92,"1"
"3397",2023-01-01,"2023",2023,93,"1"
"3398",2023-01-02,"2023",2023,94,"1"
"3399",2023-01-03,"2023",2023,95,"1"
"3400",2023-01-04,"2023",2023,96,"1"
"3401",2023-01-05,"2023",2023,97,"1"
"3402",2023-01-06,"2023",2023,98,"1"
"3403",2023-01-07,"2023",2023,99,"1"
"3404",2023-01-08,"2023",2023,100,"1"
"3405",2023-01-09,"2023",2023,101,"1"
"3406",2023-01-10,"2023",2023,102,"1"
"3407",2023-01-11,"2023",2023,103,"1"
"3408",2023-01-12,"2023",2023,104,"1"
"3409",2023-01-13,"2023",2023,105,"1"
"3410",2023-01-14,"2023",2023,106,"1"
"3411",2023-01-15,"2023",2023,107,"1"
"3412",2023-01-16,"2023",2023,108,"1"
"3413",2023-01-17,"2023",2023,109,"1"
"3414",2023-01-18,"2023",2023,110,"1"
"3415",2023-01-19,"2023",2023,111,"1"
"3416",2023-01-20,"2023",2023,112,"1"
"3417",2023-01-21,"2023",2023,113,"1"
"3418",2023-01-22,"2023",2023,114,"1"
"3419",2023-01-23,"2023",2023,115,"1"
"3420",2023-01-24,"2023",2023,116,"1"
"3421",2023-01-25,"2023",2023,117,"1"
"3422",2023-01-26,"2023",2023,118,"1"
"3423",2023-01-27,"2023",2023,119,"1"
"3424",2023-01-28,"2023",2023,120,"1"
"3425",2023-01-29,"2023",2023,121,"1"
"3426",2023-01-30,"2023",2023,122,"1"
"3427",2023-01-31,"2023",2023,123,"1"
"3428",2023-02-01,"2023",2023,124,"1"
"3429",2023-02-02,"2023",2023,125,"1"
"3430",2023-02-03,"2023",2023,126,"1"
"3431",2023-02-04,"2023",2023,127,"1"
"3432",2023-02-05,"2023",2023,128,"1"
"3433",2023-02-06,"2023",2023,129,"1"
"3434",2023-02-07,"2023",2023,130,"1"
"3435",2023-02-08,"2023",2023,131,"1"
"3436",2023-02-09,"2023",2023,132,"1"
"3437",2023-02-10,"2023",2023,133,"1"
"3438",2023-02-11,"2023",2023,134,"1"
"3439",2023-02-12,"2023",2023,135,"1"
"3440",2023-02-13,"2023",2023,136,"1"
"3441",2023-02-14,"2023",2023,137,"1"
"3442",2023-02-15,"2023",2023,138,"1"
"3443",2023-02-16,"2023",2023,139,"1"
"3444",2023-02-17,"2023",2023,140,"1"
"3445",2023-02-18,"2023",2023,141,"1"
"3446",2023-02-19,"2023",2023,142,"1"
"3447",2023-02-20,"2023",2023,143,"1"
"3448",2023-02-21,"2023",2023,144,"1"
"3449",2023-02-22,"2023",2023,145,"1"
"3450",2023-02-23,"2023",2023,146,"1"
"3451",2023-02-24,"2023",2023,147,"1"
"3452",2023-02-25,"2023",2023,148,"1"
"3453",2023-02-26,"2023",2023,149,"1"
"3454",2023-02-27,"2023",2023,150,"1"
"3455",2023-02-28,"2023",2023,151,"1"
"3456",2023-03-01,"2023",2023,152,"1"
"3457",2023-03-02,"2023",2023,153,"1"
"3458",2023-03-03,"2023",2023,154,"1"
"3459",2023-03-04,"2023",2023,155,"1"
"3460",2023-03-05,"2023",2023,156,"1"
"3461",2023-03-06,"2023",2023,157,"1"
"3462",2023-03-07,"2023",2023,158,"1"
"3463",2023-03-08,"2023",2023,159,"1"
"3464",2023-03-09,"2023",2023,160,"1"
"3465",2023-03-10,"2023",2023,161,"1"
"3466",2023-03-11,"2023",2023,162,"1"
"3467",2023-03-12,"2023",2023,163,"1"
"3468",2023-03-13,"2023",2023,164,"1"
"3469",2023-03-14,"2023",2023,165,"1"
"3470",2023-03-15,"2023",2023,166,"1"
"3471",2023-03-16,"2023",2023,167,"1"
"3472",2023-03-17,"2023",2023,168,"1"
"3473",2023-03-18,"2023",2023,169,"1"
"3474",2023-03-19,"2023",2023,170,"1"
"3475",2023-03-20,"2023",2023,171,"1"
"3476",2023-03-21,"2023",2023,172,"1"
"3477",2023-03-22,"2023",2023,173,"1"
"3478",2023-03-23,"2023",2023,174,"1"
"3479",2023-03-24,"2023",2023,175,"1"
"3480",2023-03-25,"2023",2023,176,"1"
"3481",2023-03-26,"2023",2023,177,"1"
"3482",2023-03-27,"2023",2023,178,"1"
"3483",2023-03-28,"2023",2023,179,"1"
"3484",2023-03-29,"2023",2023,180,"1"
"3485",2023-03-30,"2023",2023,181,"1"
"3486",2023-03-31,"2023",2023,182,"1"
"3487",2023-04-01,"2023",2023,183,"1"
"3488",2023-04-02,"2023",2023,184,"1"
"3489",2023-04-03,"2023",2023,185,"1"
"3490",2023-04-04,"2023",2023,186,"1"
"3491",2023-04-05,"2023",2023,187,"1"
"3492",2023-04-06,"2023",2023,188,"1"
"3493",2023-04-07,"2023",2023,189,"1"
"3494",2023-04-08,"2023",2023,190,"1"
"3495",2023-04-09,"2023",2023,191,"1"
"3496",2023-04-10,"2023",2023,192,"1"
"3497",2023-04-11,"2023",2023,193,"1"
"3498",2023-04-12,"2023",2023,194,"1"
"3499",2023-04-13,"2023",2023,195,"1"
"3500",2023-04-14,"2023",2023,196,"1"
"3501",2023-04-15,"2023",2023,197,"1"
"3502",2023-04-16,"2023",2023,198,"1"
"3503",2023-04-17,"2023",2023,199,"1"
"3504",2023-04-18,"2023",2023,200,"1"
"3505",2023-04-19,"2023",2023,201,"1"
"3506",2023-04-20,"2023",2023,202,"1"
"3507",2023-04-21,"2023",2023,203,"1"
"3508",2023-04-22,"2023",2023,204,"1"
"3509",2023-04-23,"2023",2023,205,"1"
"3510",2023-04-24,"2023",2023,206,"1"
"3511",2023-04-25,"2023",2023,207,"1"
"3512",2023-04-26,"2023",2023,208,"1"
"3513",2023-04-27,"2023",2023,209,"1"
"3514",2023-04-28,"2023",2023,210,"1"
"3515",2023-04-29,"2023",2023,211,"1"
"3516",2023-04-30,"2023",2023,212,"1"
"3517",2023-05-01,"2023",2023,213,"1"
"3518",2023-05-02,"2023",2023,214,"1"
"3519",2023-05-03,"2023",2023,215,"1"
"3520",2023-05-04,"2023",2023,216,"1"
"3521",2023-05-05,"2023",2023,217,"1"
"3522",2023-05-06,"2023",2023,218,"1"
"3523",2023-05-07,"2023",2023,219,"1"
"3524",2023-05-08,"2023",2023,220,"1"
"3525",2023-05-09,"2023",2023,221,"1"
"3526",2023-05-10,"2023",2023,222,"1"
"3527",2023-05-11,"2023",2023,223,"1"
"3528",2023-05-12,"2023",2023,224,"1"
"3529",2023-05-13,"2023",2023,225,"1"
"3530",2023-05-14,"2023",2023,226,"1"
"3531",2023-05-15,"2023",2023,227,"1"
"3532",2023-05-16,"2023",2023,228,"1"
"3533",2023-05-17,"2023",2023,229,"1"
"3534",2023-05-18,"2023",2023,230,"1"
"3535",2023-05-19,"2023",2023,231,"1"
"3536",2023-05-20,"2023",2023,232,"1"
"3537",2023-05-21,"2023",2023,233,"1"
"3538",2023-05-22,"2023",2023,234,"1"
"3539",2023-05-23,"2023",2023,235,"1"
"3540",2023-05-24,"2023",2023,236,"1"
"3541",2023-05-25,"2023",2023,237,"1"
"3542",2023-05-26,"2023",2023,238,"1"
"3543",2023-05-27,"2023",2023,239,"1"
"3544",2023-05-28,"2023",2023,240,"1"
"3545",2023-05-29,"2023",2023,241,"1"
"3546",2023-05-30,"2023",2023,242,"1"
"3547",2023-05-31,"2023",2023,243,"0"
"3548",2023-06-01,"2023",2023,244,"0"
"3549",2023-06-02,"2023",2023,245,"0"
"3550",2023-06-03,"2023",2023,246,"0"
"3551",2023-06-04,"2023",2023,247,"0"
"3552",2023-06-05,"2023",2023,248,"0"
"3553",2023-06-06,"2023",2023,249,"0"
"3554",2023-06-07,"2023",2023,250,"0"
"3555",2023-06-08,"2023",2023,251,"0"
"3556",2023-06-09,"2023",2023,252,"0"
"3557",2023-06-10,"2023",2023,253,"0"
"3558",2023-06-11,"2023",2023,254,"0"
"3559",2023-06-12,"2023",2023,255,"0"
"3560",2023-06-13,"2023",2023,256,"0"
"3561",2023-06-14,"2023",2023,257,"0"
"3562",2023-06-15,"2023",2023,258,"0"
"3563",2023-06-16,"2023",2023,259,"0"
"3564",2023-06-17,"2023",2023,260,"0"
"3565",2023-06-18,"2023",2023,261,"0"
"3566",2023-06-19,"2023",2023,262,"0"
"3567",2023-06-20,"2023",2023,263,"0"
"3568",2023-06-21,"2023",2023,264,"0"
"3569",2023-06-22,"2023",2023,265,"0"
"3570",2023-06-23,"2023",2023,266,"0"
"3571",2023-06-24,"2023",2023,267,"0"
"3572",2023-06-25,"2023",2023,268,"0"
"3573",2023-06-26,"2023",2023,269,"0"
"3574",2023-06-27,"2023",2023,270,"0"
"3575",2023-06-28,"2023",2023,271,"0"
"3576",2023-06-29,"2023",2023,272,"0"
"3577",2023-06-30,"2023",2023,273,"0"
"3578",2023-07-01,"2023",2023,274,"0"
"3579",2023-07-02,"2023",2023,275,"0"
"3580",2023-07-03,"2023",2023,276,"0"
"3581",2023-07-04,"2023",2023,277,"0"
"3582",2023-07-05,"2023",2023,278,"0"
"3583",2023-07-06,"2023",2023,279,"0"
"3584",2023-07-07,"2023",2023,280,"0"
"3585",2023-07-08,"2023",2023,281,"0"
"3586",2023-07-09,"2023",2023,282,"0"
"3587",2023-07-10,"2023",2023,283,"0"
"3588",2023-07-11,"2023",2023,284,"0"
"3589",2023-07-12,"2023",2023,285,"0"
"3590",2023-07-13,"2023",2023,286,"0"
"3591",2023-07-14,"2023",2023,287,"0"
"3592",2023-07-15,"2023",2023,288,"0"
"3593",2023-07-16,"2023",2023,289,"0"
"3594",2023-07-17,"2023",2023,290,"0"
"3595",2023-07-18,"2023",2023,291,"0"
"3596",2023-07-19,"2023",2023,292,"0"
"3597",2023-07-20,"2023",2023,293,"0"
"3598",2023-07-21,"2023",2023,294,"0"
"3599",2023-07-22,"2023",2023,295,"0"
"3600",2023-07-23,"2023",2023,296,"0"
"3601",2023-07-24,"2023",2023,297,"0"
"3602",2023-07-25,"2023",2023,298,"0"
"3603",2023-07-26,"2023",2023,299,"0"
"3604",2023-07-27,"2023",2023,300,"0"
"3605",2023-07-28,"2023",2023,301,"0"
"3606",2023-07-29,"2023",2023,302,"0"
"3607",2023-07-30,"2023",2023,303,"0"
"3608",2023-07-31,"2023",2023,304,"0"
"3609",2023-08-01,"2023",2023,305,"0"
"3610",2023-08-02,"2023",2023,306,"0"
"3611",2023-08-03,"2023",2023,307,"0"
"3612",2023-08-04,"2023",2023,308,"0"
"3613",2023-08-05,"2023",2023,309,"0"
"3614",2023-08-06,"2023",2023,310,"0"
"3615",2023-08-07,"2023",2023,311,"0"
"3616",2023-08-08,"2023",2023,312,"0"
"3617",2023-08-09,"2023",2023,313,"0"
"3618",2023-08-10,"2023",2023,314,"0"
"3619",2023-08-11,"2023",2023,315,"0"
"3620",2023-08-12,"2023",2023,316,"0"
"3621",2023-08-13,"2023",2023,317,"0"
"3622",2023-08-14,"2023",2023,318,"0"
"3623",2023-08-15,"2023",2023,319,"0"
"3624",2023-08-16,"2023",2023,320,"0"
"3625",2023-08-17,"2023",2023,321,"0"
"3626",2023-08-18,"2023",2023,322,"0"
"3627",2023-08-19,"2023",2023,323,"0"
"3628",2023-08-20,"2023",2023,324,"0"
"3629",2023-08-21,"2023",2023,325,"0"
"3630",2023-08-22,"2023",2023,326,"0"
"3631",2023-08-23,"2023",2023,327,"0"
"3632",2023-08-24,"2023",2023,328,"0"
"3633",2023-08-25,"2023",2023,329,"0"
"3634",2023-08-26,"2023",2023,330,"0"
"3635",2023-08-27,"2023",2023,331,"0"
"3636",2023-08-28,"2023",2023,332,"0"
"3637",2023-08-29,"2023",2023,333,"0"
"3638",2023-08-30,"2023",2023,334,"0"
"3639",2023-08-31,"2023",2023,335,"0"
"3640",2023-09-01,"2023",2023,336,"0"
"3641",2023-09-02,"2023",2023,337,"0"
"3642",2023-09-03,"2023",2023,338,"0"
"3643",2023-09-04,"2023",2023,339,"0"
"3644",2023-09-05,"2023",2023,340,"0"
"3645",2023-09-06,"2023",2023,341,"0"
"3646",2023-09-07,"2023",2023,342,"0"
"3647",2023-09-08,"2023",2023,343,"0"
"3648",2023-09-09,"2023",2023,344,"0"
"3649",2023-09-10,"2023",2023,345,"0"
"3650",2023-09-11,"2023",2023,346,"0"
"3651",2023-09-12,"2023",2023,347,"0"
"3652",2023-09-13,"2023",2023,348,"0"
"3653",2023-09-14,"2023",2023,349,"0"
"3654",2023-09-15,"2023",2023,350,"0"
"3655",2023-09-16,"2023",2023,351,"0"
"3656",2023-09-17,"2023",2023,352,"0"
"3657",2023-09-18,"2023",2023,353,"0"
"3658",2023-09-19,"2023",2023,354,"0"
"3659",2023-09-20,"2023",2023,355,"0"
"3660",2023-09-21,"2023",2023,356,"0"
"3661",2023-09-22,"2023",2023,357,"0"
"3662",2023-09-23,"2023",2023,358,"0"
"3663",2023-09-24,"2023",2023,359,"0"
"3664",2023-09-25,"2023",2023,360,"0"
"3665",2023-09-26,"2023",2023,361,"0"
"3666",2023-09-27,"2023",2023,362,"0"
"3667",2023-09-28,"2023",2023,363,"0"
"3668",2023-09-29,"2023",2023,364,"0"
"3669",2023-09-30,"2023",2023,365,"0"
"3670",2023-10-01,"2023",2024,1,"0"
"3671",2023-10-02,"2023",2024,2,"0"
"3672",2023-10-03,"2023",2024,3,"0"
"3673",2023-10-04,"2023",2024,4,"0"
"3674",2023-10-05,"2023",2024,5,"0"
"3675",2023-10-06,"2023",2024,6,"0"
"3676",2023-10-07,"2023",2024,7,"0"
"3677",2023-10-08,"2023",2024,8,"0"
"3678",2023-10-09,"2023",2024,9,"0"
"3679",2023-10-10,"2023",2024,10,"0"
"3680",2023-10-11,"2023",2024,11,"0"
"3681",2023-10-12,"2023",2024,12,"0"
"3682",2023-10-13,"2023",2024,13,"0"
"3683",2023-10-14,"2023",2024,14,"0"
"3684",2023-10-15,"2023",2024,15,"0"
"3685",2023-10-16,"2023",2024,16,"0"
"3686",2023-10-17,"2023",2024,17,"0"
"3687",2023-10-18,"2023",2024,18,"0"
"3688",2023-10-19,"2023",2024,19,"0"
"3689",2023-10-20,"2023",2024,20,"0"
"3690",2023-10-21,"2023",2024,21,"0"
"3691",2023-10-22,"2023",2024,22,"0"
"3692",2023-10-23,"2023",2024,23,"0"
"3693",2023-10-24,"2023",2024,24,"0"
"3694",2023-10-25,"2023",2024,25,"0"
"3695",2023-10-26,"2023",2024,26,"0"
"3696",2023-10-27,"2023",2024,27,"0"
"3697",2023-10-28,"2023",2024,28,"0"
"3698",2023-10-29,"2023",2024,29,"0"
"3699",2023-10-30,"2023",2024,30,"0"
"3700",2023-10-31,"2023",2024,31,"1"
"3701",2023-11-01,"2023",2024,32,"1"
"3702",2023-11-02,"2023",2024,33,"1"
"3703",2023-11-03,"2023",2024,34,"1"
"3704",2023-11-04,"2023",2024,35,"1"
"3705",2023-11-05,"2023",2024,36,"1"
"3706",2023-11-06,"2023",2024,37,"1"
"3707",2023-11-07,"2023",2024,38,"1"
"3708",2023-11-08,"2023",2024,39,"1"
"3709",2023-11-09,"2023",2024,40,"1"
"3710",2023-11-10,"2023",2024,41,"1"
"3711",2023-11-11,"2023",2024,42,"1"
"3712",2023-11-12,"2023",2024,43,"1"
"3713",2023-11-13,"2023",2024,44,"1"
"3714",2023-11-14,"2023",2024,45,"1"
"3715",2023-11-15,"2023",2024,46,"1"
"3716",2023-11-16,"2023",2024,47,"1"
"3717",2023-11-17,"2023",2024,48,"1"
"3718",2023-11-18,"2023",2024,49,"1"
"3719",2023-11-19,"2023",2024,50,"1"
"3720",2023-11-20,"2023",2024,51,"1"
"3721",2023-11-21,"2023",2024,52,"1"
"3722",2023-11-22,"2023",2024,53,"1"
"3723",2023-11-23,"2023",2024,54,"1"
"3724",2023-11-24,"2023",2024,55,"1"
"3725",2023-11-25,"2023",2024,56,"1"
"3726",2023-11-26,"2023",2024,57,"1"
"3727",2023-11-27,"2023",2024,58,"1"
"3728",2023-11-28,"2023",2024,59,"1"
"3729",2023-11-29,"2023",2024,60,"1"
"3730",2023-11-30,"2023",2024,61,"1"
"3731",2023-12-01,"2023",2024,62,"1"
"3732",2023-12-02,"2023",2024,63,"1"
"3733",2023-12-03,"2023",2024,64,"1"
"3734",2023-12-04,"2023",2024,65,"1"
"3735",2023-12-05,"2023",2024,66,"1"
"3736",2023-12-06,"2023",2024,67,"1"
"3737",2023-12-07,"2023",2024,68,"1"
"3738",2023-12-08,"2023",2024,69,"1"
"3739",2023-12-09,"2023",2024,70,"1"
"3740",2023-12-10,"2023",2024,71,"1"
"3741",2023-12-11,"2023",2024,72,"1"
"3742",2023-12-12,"2023",2024,73,"1"
"3743",2023-12-13,"2023",2024,74,"1"
"3744",2023-12-14,"2023",2024,75,"1"
"3745",2023-12-15,"2023",2024,76,"1"
"3746",2023-12-16,"2023",2024,77,"1"
"3747",2023-12-17,"2023",2024,78,"1"
"3748",2023-12-18,"2023",2024,79,"1"
"3749",2023-12-19,"2023",2024,80,"1"
"3750",2023-12-20,"2023",2024,81,"1"
"3751",2023-12-21,"2023",2024,82,"1"
"3752",2023-12-22,"2023",2024,83,"1"
"3753",2023-12-23,"2023",2024,84,"1"
"3754",2023-12-24,"2023",2024,85,"1"
"3755",2023-12-25,"2023",2024,86,"1"
"3756",2023-12-26,"2023",2024,87,"1"
"3757",2023-12-27,"2023",2024,88,"1"
"3758",2023-12-28,"2023",2024,89,"1"
"3759",2023-12-29,"2023",2024,90,"1"
"3760",2023-12-30,"2023",2024,91,"1"
"3761",2023-12-31,"2023",2024,92,"1"
"3762",2024-01-01,"2024",2024,93,"1"
"3763",2024-01-02,"2024",2024,94,"1"
"3764",2024-01-03,"2024",2024,95,"1"
"3765",2024-01-04,"2024",2024,96,"1"
"3766",2024-01-05,"2024",2024,97,"1"
"3767",2024-01-06,"2024",2024,98,"1"
"3768",2024-01-07,"2024",2024,99,"1"
"3769",2024-01-08,"2024",2024,100,"1"
"3770",2024-01-09,"2024",2024,101,"1"
"3771",2024-01-10,"2024",2024,102,"1"
"3772",2024-01-11,"2024",2024,103,"1"
"3773",2024-01-12,"2024",2024,104,"1"
"3774",2024-01-13,"2024",2024,105,"1"
"3775",2024-01-14,"2024",2024,106,"1"
"3776",2024-01-15,"2024",2024,107,"1"
"3777",2024-01-16,"2024",2024,108,"1"
"3778",2024-01-17,"2024",2024,109,"1"
"3779",2024-01-18,"2024",2024,110,"1"
"3780",2024-01-19,"2024",2024,111,"1"
"3781",2024-01-20,"2024",2024,112,"1"
"3782",2024-01-21,"2024",2024,113,"1"
"3783",2024-01-22,"2024",2024,114,"1"
"3784",2024-01-23,"2024",2024,115,"1"
"3785",2024-01-24,"2024",2024,116,"1"
"3786",2024-01-25,"2024",2024,117,"1"
"3787",2024-01-26,"2024",2024,118,"1"
"3788",2024-01-27,"2024",2024,119,"1"
"3789",2024-01-28,"2024",2024,120,"1"
"3790",2024-01-29,"2024",2024,121,"1"
"3791",2024-01-30,"2024",2024,122,"1"
"3792",2024-01-31,"2024",2024,123,"1"
"3793",2024-02-01,"2024",2024,124,"1"
"3794",2024-02-02,"2024",2024,125,"1"
"3795",2024-02-03,"2024",2024,126,"1"
"3796",2024-02-04,"2024",2024,127,"1"
"3797",2024-02-05,"2024",2024,128,"1"
"3798",2024-02-06,"2024",2024,129,"1"
"3799",2024-02-07,"2024",2024,130,"1"
"3800",2024-02-08,"2024",2024,131,"1"
"3801",2024-02-09,"2024",2024,132,"1"
"3802",2024-02-10,"2024",2024,133,"1"
"3803",2024-02-11,"2024",2024,134,"1"
"3804",2024-02-12,"2024",2024,135,"1"
"3805",2024-02-13,"2024",2024,136,"1"
"3806",2024-02-14,"2024",2024,137,"1"
"3807",2024-02-15,"2024",2024,138,"1"
"3808",2024-02-16,"2024",2024,139,"1"
"3809",2024-02-17,"2024",2024,140,"1"
"3810",2024-02-18,"2024",2024,141,"1"
"3811",2024-02-19,"2024",2024,142,"1"
"3812",2024-02-20,"2024",2024,143,"1"
"3813",2024-02-21,"2024",2024,144,"1"
"3814",2024-02-22,"2024",2024,145,"1"
"3815",2024-02-23,"2024",2024,146,"1"
"3816",2024-02-24,"2024",2024,147,"1"
"3817",2024-02-25,"2024",2024,148,"1"
"3818",2024-02-26,"2024",2024,149,"1"
"3819",2024-02-27,"2024",2024,150,"1"
"3820",2024-02-28,"2024",2024,151,"1"
"3821",2024-02-29,"2024",2024,152,"1"
"3822",2024-03-01,"2024",2024,153,"1"
"3823",2024-03-02,"2024",2024,154,"1"
"3824",2024-03-03,"2024",2024,155,"1"
"3825",2024-03-04,"2024",2024,156,"1"
"3826",2024-03-05,"2024",2024,157,"1"
"3827",2024-03-06,"2024",2024,158,"1"
"3828",2024-03-07,"2024",2024,159,"1"
"3829",2024-03-08,"2024",2024,160,"1"
"3830",2024-03-09,"2024",2024,161,"1"
"3831",2024-03-10,"2024",2024,162,"1"
"3832",2024-03-11,"2024",2024,163,"1"
"3833",2024-03-12,"2024",2024,164,"1"
"3834",2024-03-13,"2024",2024,165,"1"
"3835",2024-03-14,"2024",2024,166,"1"
"3836",2024-03-15,"2024",2024,167,"1"
"3837",2024-03-16,"2024",2024,168,"1"
"3838",2024-03-17,"2024",2024,169,"1"
"3839",2024-03-18,"2024",2024,170,"1"
"3840",2024-03-19,"2024",2024,171,"1"
"3841",2024-03-20,"2024",2024,172,"1"
"3842",2024-03-21,"2024",2024,173,"1"
"3843",2024-03-22,"2024",2024,174,"1"
"3844",2024-03-23,"2024",2024,175,"1"
"3845",2024-03-24,"2024",2024,176,"1"
"3846",2024-03-25,"2024",2024,177,"1"
"3847",2024-03-26,"2024",2024,178,"1"
"3848",2024-03-27,"2024",2024,179,"1"
"3849",2024-03-28,"2024",2024,180,"1"
"3850",2024-03-29,"2024",2024,181,"1"
"3851",2024-03-30,"2024",2024,182,"1"
"3852",2024-03-31,"2024",2024,183,"1"
"3853",2024-04-01,"2024",2024,184,"1"
"3854",2024-04-02,"2024",2024,185,"1"
"3855",2024-04-03,"2024",2024,186,"1"
"3856",2024-04-04,"2024",2024,187,"1"
"3857",2024-04-05,"2024",2024,188,"1"
"3858",2024-04-06,"2024",2024,189,"1"
"3859",2024-04-07,"2024",2024,190,"1"
"3860",2024-04-08,"2024",2024,191,"1"
"3861",2024-04-09,"2024",2024,192,"1"
"3862",2024-04-10,"2024",2024,193,"1"
"3863",2024-04-11,"2024",2024,194,"1"
"3864",2024-04-12,"2024",2024,195,"1"
"3865",2024-04-13,"2024",2024,196,"1"
"3866",2024-04-14,"2024",2024,197,"1"
"3867",2024-04-15,"2024",2024,198,"1"
"3868",2024-04-16,"2024",2024,199,"1"
"3869",2024-04-17,"2024",2024,200,"1"
"3870",2024-04-18,"2024",2024,201,"1"
"3871",2024-04-19,"2024",2024,202,"1"
"3872",2024-04-20,"2024",2024,203,"1"
"3873",2024-04-21,"2024",2024,204,"1"
"3874",2024-04-22,"2024",2024,205,"1"
"3875",2024-04-23,"2024",2024,206,"1"
"3876",2024-04-24,"2024",2024,207,"1"
"3877",2024-04-25,"2024",2024,208,"1"
"3878",2024-04-26,"2024",2024,209,"1"
"3879",2024-04-27,"2024",2024,210,"1"
"3880",2024-04-28,"2024",2024,211,"1"
"3881",2024-04-29,"2024",2024,212,"1"
"3882",2024-04-30,"2024",2024,213,"1"
"3883",2024-05-01,"2024",2024,214,"1"
"3884",2024-05-02,"2024",2024,215,"1"
"3885",2024-05-03,"2024",2024,216,"1"
"3886",2024-05-04,"2024",2024,217,"1"
"3887",2024-05-05,"2024",2024,218,"1"
"3888",2024-05-06,"2024",2024,219,"1"
"3889",2024-05-07,"2024",2024,220,"1"
"3890",2024-05-08,"2024",2024,221,"1"
"3891",2024-05-09,"2024",2024,222,"1"
"3892",2024-05-10,"2024",2024,223,"1"
"3893",2024-05-11,"2024",2024,224,"1"
"3894",2024-05-12,"2024",2024,225,"1"
"3895",2024-05-13,"2024",2024,226,"1"
"3896",2024-05-14,"2024",2024,227,"1"
"3897",2024-05-15,"2024",2024,228,"1"
"3898",2024-05-16,"2024",2024,229,"1"
"3899",2024-05-17,"2024",2024,230,"1"
"3900",2024-05-18,"2024",2024,231,"1"
"3901",2024-05-19,"2024",2024,232,"1"
"3902",2024-05-20,"2024",2024,233,"1"
"3903",2024-05-21,"2024",2024,234,"1"
"3904",2024-05-22,"2024",2024,235,"1"
"3905",2024-05-23,"2024",2024,236,"1"
"3906",2024-05-24,"2024",2024,237,"1"
"3907",2024-05-25,"2024",2024,238,"1"
"3908",2024-05-26,"2024",2024,239,"1"
"3909",2024-05-27,"2024",2024,240,"1"
"3910",2024-05-28,"2024",2024,241,"1"
"3911",2024-05-29,"2024",2024,242,"1"
"3912",2024-05-30,"2024",2024,243,"1"
"3913",2024-05-31,"2024",2024,244,"1"
"3914",2024-06-01,"2024",2024,245,"1"
"3915",2024-06-02,"2024",2024,246,"1"
"3916",2024-06-03,"2024",2024,247,"1"
"3917",2024-06-04,"2024",2024,248,"1"
"3918",2024-06-05,"2024",2024,249,"1"
"3919",2024-06-06,"2024",2024,250,"0"
"3920",2024-06-07,"2024",2024,251,"0"
"3921",2024-06-08,"2024",2024,252,"0"
"3922",2024-06-09,"2024",2024,253,"0"
"3923",2024-06-10,"2024",2024,254,"0"
"3924",2024-06-11,"2024",2024,255,"0"
"3925",2024-06-12,"2024",2024,256,"0"
"3926",2024-06-13,"2024",2024,257,"0"
"3927",2024-06-14,"2024",2024,258,"0"
"3928",2024-06-15,"2024",2024,259,"0"
"3929",2024-06-16,"2024",2024,260,"0"
"3930",2024-06-17,"2024",2024,261,"0"
"3931",2024-06-18,"2024",2024,262,"0"
"3932",2024-06-19,"2024",2024,263,"0"
"3933",2024-06-20,"2024",2024,264,"0"
"3934",2024-06-21,"2024",2024,265,"0"
"3935",2024-06-22,"2024",2024,266,"0"
"3936",2024-06-23,"2024",2024,267,"0"
"3937",2024-06-24,"2024",2024,268,"0"
"3938",2024-06-25,"2024",2024,269,"0"
"3939",2024-06-26,"2024",2024,270,"0"
"3940",2024-06-27,"2024",2024,271,"0"
"3941",2024-06-28,"2024",2024,272,"0"
"3942",2024-06-29,"2024",2024,273,"0"
"3943",2024-06-30,"2024",2024,274,"0"
"3944",2024-07-01,"2024",2024,275,"0"
"3945",2024-07-02,"2024",2024,276,"0"
"3946",2024-07-03,"2024",2024,277,"0"
"3947",2024-07-04,"2024",2024,278,"0"
"3948",2024-07-05,"2024",2024,279,"0"
"3949",2024-07-06,"2024",2024,280,"0"
"3950",2024-07-07,"2024",2024,281,"0"
"3951",2024-07-08,"2024",2024,282,"0"
"3952",2024-07-09,"2024",2024,283,"0"
"3953",2024-07-10,"2024",2024,284,"0"
"3954",2024-07-11,"2024",2024,285,"0"
"3955",2024-07-12,"2024",2024,286,"0"
"3956",2024-07-13,"2024",2024,287,"0"
"3957",2024-07-14,"2024",2024,288,"0"
"3958",2024-07-15,"2024",2024,289,"0"
"3959",2024-07-16,"2024",2024,290,"0"
"3960",2024-07-17,"2024",2024,291,"0"
"3961",2024-07-18,"2024",2024,292,"0"
"3962",2024-07-19,"2024",2024,293,"0"
"3963",2024-07-20,"2024",2024,294,"0"
"3964",2024-07-21,"2024",2024,295,"0"
"3965",2024-07-22,"2024",2024,296,"0"
"3966",2024-07-23,"2024",2024,297,"0"
"3967",2024-07-24,"2024",2024,298,"0"
"3968",2024-07-25,"2024",2024,299,"0"
"3969",2024-07-26,"2024",2024,300,"0"
"3970",2024-07-27,"2024",2024,301,"0"
"3971",2024-07-28,"2024",2024,302,"0"
"3972",2024-07-29,"2024",2024,303,"0"
"3973",2024-07-30,"2024",2024,304,"0"
"3974",2024-07-31,"2024",2024,305,"0"
"3975",2024-08-01,"2024",2024,306,"0"
"3976",2024-08-02,"2024",2024,307,"0"
"3977",2024-08-03,"2024",2024,308,"0"
"3978",2024-08-04,"2024",2024,309,"0"
"3979",2024-08-05,"2024",2024,310,"0"
"3980",2024-08-06,"2024",2024,311,"0"
"3981",2024-08-07,"2024",2024,312,"0"
"3982",2024-08-08,"2024",2024,313,"0"
"3983",2024-08-09,"2024",2024,314,"0"
"3984",2024-08-10,"2024",2024,315,"0"
"3985",2024-08-11,"2024",2024,316,"0"
"3986",2024-08-12,"2024",2024,317,"0"
"3987",2024-08-13,"2024",2024,318,"0"
"3988",2024-08-14,"2024",2024,319,"0"
"3989",2024-08-15,"2024",2024,320,"0"
"3990",2024-08-16,"2024",2024,321,"0"
"3991",2024-08-17,"2024",2024,322,"0"
"3992",2024-08-18,"2024",2024,323,"0"
"3993",2024-08-19,"2024",2024,324,"0"
"3994",2024-08-20,"2024",2024,325,"0"
"3995",2024-08-21,"2024",2024,326,"0"
"3996",2024-08-22,"2024",2024,327,"0"
"3997",2024-08-23,"2024",2024,328,"0"
"3998",2024-08-24,"2024",2024,329,"0"
"3999",2024-08-25,"2024",2024,330,"0"
"4000",2024-08-26,"2024",2024,331,"0"
"4001",2024-08-27,"2024",2024,332,"0"
"4002",2024-08-28,"2024",2024,333,"0"
"4003",2024-08-29,"2024",2024,334,"0"
"4004",2024-08-30,"2024",2024,335,"0"
"4005",2024-08-31,"2024",2024,336,"0"
"4006",2024-09-01,"2024",2024,337,"0"
"4007",2024-09-02,"2024",2024,338,"0"
"4008",2024-09-03,"2024",2024,339,"0"
"4009",2024-09-04,"2024",2024,340,"0"
"4010",2024-09-05,"2024",2024,341,"0"
"4011",2024-09-06,"2024",2024,342,"0"
"4012",2024-09-07,"2024",2024,343,"0"
"4013",2024-09-08,"2024",2024,344,"0"
"4014",2024-09-09,"2024",2024,345,"0"
"4015",2024-09-10,"2024",2024,346,"0"
"4016",2024-09-11,"2024",2024,347,"0"
"4017",2024-09-12,"2024",2024,348,"0"
"4018",2024-09-13,"2024",2024,349,"0"
"4019",2024-09-14,"2024",2024,350,"0"
"4020",2024-09-15,"2024",2024,351,"0"
"4021",2024-09-16,"2024",2024,352,"0"
"4022",2024-09-17,"2024",2024,353,"0"
"4023",2024-09-18,"2024",2024,354,"0"
"4024",2024-09-19,"2024",2024,355,"0"
"4025",2024-09-20,"2024",2024,356,"0"
"4026",2024-09-21,"2024",2024,357,"0"
"4027",2024-09-22,"2024",2024,358,"0"
"4028",2024-09-23,"2024",2024,359,"0"
"4029",2024-09-24,"2024",2024,360,"0"
"4030",2024-09-25,"2024",2024,361,"0"
"4031",2024-09-26,"2024",2024,362,"0"
"4032",2024-09-27,"2024",2024,363,"0"
"4033",2024-09-28,"2024",2024,364,"0"
"4034",2024-09-29,"2024",2024,365,"0"
"4035",2024-09-30,"2024",2024,366,"0"
"4036",2024-10-01,"2024",2025,1,"0"
"4037",2024-10-02,"2024",2025,2,"0"
"4038",2024-10-03,"2024",2025,3,"0"
"4039",2024-10-04,"2024",2025,4,"0"
"4040",2024-10-05,"2024",2025,5,"0"
"4041",2024-10-06,"2024",2025,6,"0"
"4042",2024-10-07,"2024",2025,7,"0"
"4043",2024-10-08,"2024",2025,8,"0"
"4044",2024-10-09,"2024",2025,9,"0"
"4045",2024-10-10,"2024",2025,10,"0"
"4046",2024-10-11,"2024",2025,11,"0"
"4047",2024-10-12,"2024",2025,12,"0"
"4048",2024-10-13,"2024",2025,13,"0"
"4049",2024-10-14,"2024",2025,14,"0"
"4050",2024-10-15,"2024",2025,15,"0"
"4051",2024-10-16,"2024",2025,16,"0"
"4052",2024-10-17,"2024",2025,17,"0"
"4053",2024-10-18,"2024",2025,18,"0"
"4054",2024-10-19,"2024",2025,19,"0"
"4055",2024-10-20,"2024",2025,20,"0"
"4056",2024-10-21,"2024",2025,21,"0"
"4057",2024-10-22,"2024",2025,22,"0"
"4058",2024-10-23,"2024",2025,23,"0"
"4059",2024-10-24,"2024",2025,24,"0"
"4060",2024-10-25,"2024",2025,25,"0"
"4061",2024-10-26,"2024",2025,26,"0"
"4062",2024-10-27,"2024",2025,27,"0"
"4063",2024-10-28,"2024",2025,28,"0"
"4064",2024-10-29,"2024",2025,29,"0"
"4065",2024-10-30,"2024",2025,30,"0"
"4066",2024-10-31,"2024",2025,31,"0"
"4067",2024-11-01,"2024",2025,32,"0"
"4068",2024-11-02,"2024",2025,33,"0"
"4069",2024-11-03,"2024",2025,34,"0"
"4070",2024-11-04,"2024",2025,35,"0"
"4071",2024-11-05,"2024",2025,36,"1"
"4072",2024-11-06,"2024",2025,37,"1"
"4073",2024-11-07,"2024",2025,38,"1"
"4074",2024-11-08,"2024",2025,39,"1"
"4075",2024-11-09,"2024",2025,40,"1"
"4076",2024-11-10,"2024",2025,41,"1"
"4077",2024-11-11,"2024",2025,42,"1"
"4078",2024-11-12,"2024",2025,43,"1"
"4079",2024-11-13,"2024",2025,44,"1"
"4080",2024-11-14,"2024",2025,45,"1"
"4081",2024-11-15,"2024",2025,46,"1"
"4082",2024-11-16,"2024",2025,47,"1"
"4083",2024-11-17,"2024",2025,48,"1"
"4084",2024-11-18,"2024",2025,49,"1"
"4085",2024-11-19,"2024",2025,50,"1"
"4086",2024-11-20,"2024",2025,51,"1"
"4087",2024-11-21,"2024",2025,52,"1"
"4088",2024-11-22,"2024",2025,53,"1"
"4089",2024-11-23,"2024",2025,54,"1"
"4090",2024-11-24,"2024",2025,55,"1"
"4091",2024-11-25,"2024",2025,56,"1"
"4092",2024-11-26,"2024",2025,57,"1"
"4093",2024-11-27,"2024",2025,58,"1"
"4094",2024-11-28,"2024",2025,59,"1"
"4095",2024-11-29,"2024",2025,60,"1"
"4096",2024-11-30,"2024",2025,61,"1"
"4097",2024-12-01,"2024",2025,62,"1"
"4098",2024-12-02,"2024",2025,63,"1"
"4099",2024-12-03,"2024",2025,64,"1"
"4100",2024-12-04,"2024",2025,65,"1"
"4101",2024-12-05,"2024",2025,66,"1"
"4102",2024-12-06,"2024",2025,67,"1"
"4103",2024-12-07,"2024",2025,68,"1"
"4104",2024-12-08,"2024",2025,69,"1"
"4105",2024-12-09,"2024",2025,70,"1"
"4106",2024-12-10,"2024",2025,71,"1"
"4107",2024-12-11,"2024",2025,72,"1"
"4108",2024-12-12,"2024",2025,73,"1"
"4109",2024-12-13,"2024",2025,74,"1"
"4110",2024-12-14,"2024",2025,75,"1"
"4111",2024-12-15,"2024",2025,76,"1"
"4112",2024-12-16,"2024",2025,77,"1"
"4113",2024-12-17,"2024",2025,78,"1"
"4114",2024-12-18,"2024",2025,79,"1"
"4115",2024-12-19,"2024",2025,80,"1"
"4116",2024-12-20,"2024",2025,81,"1"
"4117",2024-12-21,"2024",2025,82,"1"
"4118",2024-12-22,"2024",2025,83,"1"
"4119",2024-12-23,"2024",2025,84,"1"
"4120",2024-12-24,"2024",2025,85,"1"
"4121",2024-12-25,"2024",2025,86,"1"
"4122",2024-12-26,"2024",2025,87,"1"
"4123",2024-12-27,"2024",2025,88,"1"
"4124",2024-12-28,"2024",2025,89,"1"
"4125",2024-12-29,"2024",2025,90,"1"
"4126",2024-12-30,"2024",2025,91,"1"
"4127",2024-12-31,"2024",2025,92,"1"
"4128",2025-01-01,"2025",2025,93,"1"
"4129",2025-01-02,"2025",2025,94,"1"
"4130",2025-01-03,"2025",2025,95,"1"
"4131",2025-01-04,"2025",2025,96,"1"
"4132",2025-01-05,"2025",2025,97,"1"
"4133",2025-01-06,"2025",2025,98,"1"
"4134",2025-01-07,"2025",2025,99,"1"
"4135",2025-01-08,"2025",2025,100,"1"
"4136",2025-01-09,"2025",2025,101,"1"
"4137",2025-01-10,"2025",2025,102,"1"
"4138",2025-01-11,"2025",2025,103,"1"
"4139",2025-01-12,"2025",2025,104,"1"
"4140",2025-01-13,"2025",2025,105,"1"
"4141",2025-01-14,"2025",2025,106,"1"
"4142",2025-01-15,"2025",2025,107,"1"
"4143",2025-01-16,"2025",2025,108,"1"
"4144",2025-01-17,"2025",2025,109,"1"
"4145",2025-01-18,"2025",2025,110,"1"
"4146",2025-01-19,"2025",2025,111,"1"
"4147",2025-01-20,"2025",2025,112,"1"
"4148",2025-01-21,"2025",2025,113,"1"
"4149",2025-01-22,"2025",2025,114,"1"
"4150",2025-01-23,"2025",2025,115,"1"
"4151",2025-01-24,"2025",2025,116,"1"
"4152",2025-01-25,"2025",2025,117,"1"
"4153",2025-01-26,"2025",2025,118,"1"
"4154",2025-01-27,"2025",2025,119,"1"
"4155",2025-01-28,"2025",2025,120,"1"
"4156",2025-01-29,"2025",2025,121,"1"
"4157",2025-01-30,"2025",2025,122,"1"
"4158",2025-01-31,"2025",2025,123,"1"
"4159",2025-02-01,"2025",2025,124,"1"
"4160",2025-02-02,"2025",2025,125,"1"
"4161",2025-02-03,"2025",2025,126,"1"
"4162",2025-02-04,"2025",2025,127,"1"
"4163",2025-02-05,"2025",2025,128,"1"
"4164",2025-02-06,"2025",2025,129,"1"
"4165",2025-02-07,"2025",2025,130,"1"
"4166",2025-02-08,"2025",2025,131,"1"
"4167",2025-02-09,"2025",2025,132,"1"
"4168",2025-02-10,"2025",2025,133,"1"
"4169",2025-02-11,"2025",2025,134,"1"
"4170",2025-02-12,"2025",2025,135,"1"
"4171",2025-02-13,"2025",2025,136,"1"
"4172",2025-02-14,"2025",2025,137,"1"
"4173",2025-02-15,"2025",2025,138,"1"
"4174",2025-02-16,"2025",2025,139,"1"
"4175",2025-02-17,"2025",2025,140,"1"
"4176",2025-02-18,"2025",2025,141,"1"
"4177",2025-02-19,"2025",2025,142,"1"
"4178",2025-02-20,"2025",2025,143,"1"
"4179",2025-02-21,"2025",2025,144,"1"
"4180",2025-02-22,"2025",2025,145,"1"
"4181",2025-02-23,"2025",2025,146,"1"
"4182",2025-02-24,"2025",2025,147,"1"
"4183",2025-02-25,"2025",2025,148,"1"
"4184",2025-02-26,"2025",2025,149,"1"
"4185",2025-02-27,"2025",2025,150,"1"
"4186",2025-02-28,"2025",2025,151,"1"
"4187",2025-03-01,"2025",2025,152,"1"
"4188",2025-03-02,"2025",2025,153,"1"
"4189",2025-03-03,"2025",2025,154,"1"
"4190",2025-03-04,"2025",2025,155,"1"
"4191",2025-03-05,"2025",2025,156,"1"
"4192",2025-03-06,"2025",2025,157,"1"
"4193",2025-03-07,"2025",2025,158,"1"
"4194",2025-03-08,"2025",2025,159,"1"
"4195",2025-03-09,"2025",2025,160,"1"
"4196",2025-03-10,"2025",2025,161,"1"
"4197",2025-03-11,"2025",2025,162,"1"
"4198",2025-03-12,"2025",2025,163,"1"
"4199",2025-03-13,"2025",2025,164,"1"
"4200",2025-03-14,"2025",2025,165,"1"
"4201",2025-03-15,"2025",2025,166,"1"
"4202",2025-03-16,"2025",2025,167,"1"
"4203",2025-03-17,"2025",2025,168,"1"
"4204",2025-03-18,"2025",2025,169,"1"
"4205",2025-03-19,"2025",2025,170,"1"
"4206",2025-03-20,"2025",2025,171,"1"
"4207",2025-03-21,"2025",2025,172,"1"
"4208",2025-03-22,"2025",2025,173,"1"
"4209",2025-03-23,"2025",2025,174,"1"
"4210",2025-03-24,"2025",2025,175,"1"
"4211",2025-03-25,"2025",2025,176,"1"
"4212",2025-03-26,"2025",2025,177,"1"
"4213",2025-03-27,"2025",2025,178,"1"
"4214",2025-03-28,"2025",2025,179,"1"
"4215",2025-03-29,"2025",2025,180,"1"
"4216",2025-03-30,"2025",2025,181,"1"
"4217",2025-03-31,"2025",2025,182,"1"
"4218",2025-04-01,"2025",2025,183,"1"
"4219",2025-04-02,"2025",2025,184,"1"
"4220",2025-04-03,"2025",2025,185,"1"
"4221",2025-04-04,"2025",2025,186,"1"
"4222",2025-04-05,"2025",2025,187,"1"
"4223",2025-04-06,"2025",2025,188,"1"
"4224",2025-04-07,"2025",2025,189,"1"
"4225",2025-04-08,"2025",2025,190,"1"
"4226",2025-04-09,"2025",2025,191,"1"
"4227",2025-04-10,"2025",2025,192,"1"
"4228",2025-04-11,"2025",2025,193,"1"
"4229",2025-04-12,"2025",2025,194,"1"
"4230",2025-04-13,"2025",2025,195,"1"
"4231",2025-04-14,"2025",2025,196,"1"
"4232",2025-04-15,"2025",2025,197,"1"
"4233",2025-04-16,"2025",2025,198,"1"
"4234",2025-04-17,"2025",2025,199,"1"
"4235",2025-04-18,"2025",2025,200,"1"
"4236",2025-04-19,"2025",2025,201,"1"
"4237",2025-04-20,"2025",2025,202,"1"
"4238",2025-04-21,"2025",2025,203,"1"
"4239",2025-04-22,"2025",2025,204,"1"
"4240",2025-04-23,"2025",2025,205,"1"
"4241",2025-04-24,"2025",2025,206,"1"
"4242",2025-04-25,"2025",2025,207,"1"
"4243",2025-04-26,"2025",2025,208,"1"
"4244",2025-04-27,"2025",2025,209,"1"
"4245",2025-04-28,"2025",2025,210,"1"
"4246",2025-04-29,"2025",2025,211,"1"
"4247",2025-04-30,"2025",2025,212,"1"
"4248",2025-05-01,"2025",2025,213,"1"
"4249",2025-05-02,"2025",2025,214,"1"
"4250",2025-05-03,"2025",2025,215,"1"
"4251",2025-05-04,"2025",2025,216,"1"
"4252",2025-05-05,"2025",2025,217,"1"
"4253",2025-05-06,"2025",2025,218,"0"
"4254",2025-05-07,"2025",2025,219,"0"
"4255",2025-05-08,"2025",2025,220,"0"
"4256",2025-05-09,"2025",2025,221,"0"
"4257",2025-05-10,"2025",2025,222,"0"
"4258",2025-05-11,"2025",2025,223,"0"
"4259",2025-05-12,"2025",2025,224,"0"
"4260",2025-05-13,"2025",2025,225,"0"
"4261",2025-05-14,"2025",2025,226,"0"
"4262",2025-05-15,"2025",2025,227,"0"
"4263",2025-05-16,"2025",2025,228,"0"
"4264",2025-05-17,"2025",2025,229,"0"
"4265",2025-05-18,"2025",2025,230,"0"
"4266",2025-05-19,"2025",2025,231,"0"
"4267",2025-05-20,"2025",2025,232,"0"
"4268",2025-05-21,"2025",2025,233,"0"
"4269",2025-05-22,"2025",2025,234,"0"
"4270",2025-05-23,"2025",2025,235,"0"
"4271",2025-05-24,"2025",2025,236,"0"
"4272",2025-05-25,"2025",2025,237,"0"
"4273",2025-05-26,"2025",2025,238,"0"
"4274",2025-05-27,"2025",2025,239,"0"
"4275",2025-05-28,"2025",2025,240,"0"
"4276",2025-05-29,"2025",2025,241,"0"
"4277",2025-05-30,"2025",2025,242,"0"
"4278",2025-05-31,"2025",2025,243,"0"
"4279",2025-06-01,"2025",2025,244,"0"
"4280",2025-06-02,"2025",2025,245,"0"
"4281",2025-06-03,"2025",2025,246,"0"
"4282",2025-06-04,"2025",2025,247,"0"
"4283",2025-06-05,"2025",2025,248,"0"
"4284",2025-06-06,"2025",2025,249,"0"
"4285",2025-06-07,"2025",2025,250,"0"
"4286",2025-06-08,"2025",2025,251,"0"
"4287",2025-06-09,"2025",2025,252,"0"
"4288",2025-06-10,"2025",2025,253,"0"
"4289",2025-06-11,"2025",2025,254,"0"
"4290",2025-06-12,"2025",2025,255,"0"
"4291",2025-06-13,"2025",2025,256,"0"
"4292",2025-06-14,"2025",2025,257,"0"
"4293",2025-06-15,"2025",2025,258,"0"
"4294",2025-06-16,"2025",2025,259,"0"
"4295",2025-06-17,"2025",2025,260,"0"
"4296",2025-06-18,"2025",2025,261,"0"
"4297",2025-06-19,"2025",2025,262,"0"
"4298",2025-06-20,"2025",2025,263,"0"
"4299",2025-06-21,"2025",2025,264,"0"
"4300",2025-06-22,"2025",2025,265,"0"
"4301",2025-06-23,"2025",2025,266,"0"
"4302",2025-06-24,"2025",2025,267,"0"
"4303",2025-06-25,"2025",2025,268,"0"
"4304",2025-06-26,"2025",2025,269,"0"
"4305",2025-06-27,"2025",2025,270,"0"
"4306",2025-06-28,"2025",2025,271,"0"
"4307",2025-06-29,"2025",2025,272,"0"
"4308",2025-06-30,"2025",2025,273,"0"
"4309",2025-07-01,"2025",2025,274,"0"
"4310",2025-07-02,"2025",2025,275,"0"
"4311",2025-07-03,"2025",2025,276,"0"
"4312",2025-07-04,"2025",2025,277,"0"
"4313",2025-07-05,"2025",2025,278,"0"
"4314",2025-07-06,"2025",2025,279,"0"
"4315",2025-07-07,"2025",2025,280,"0"
"4316",2025-07-08,"2025",2025,281,"0"
"4317",2025-07-09,"2025",2025,282,"0"
"4318",2025-07-10,"2025",2025,283,"0"
"4319",2025-07-11,"2025",2025,284,"0"
"4320",2025-07-12,"2025",2025,285,"0"
"4321",2025-07-13,"2025",2025,286,"0"
"4322",2025-07-14,"2025",2025,287,"0"
"4323",2025-07-15,"2025",2025,288,"0"
"4324",2025-07-16,"2025",2025,289,"0"
"4325",2025-07-17,"2025",2025,290,"0"
"4326",2025-07-18,"2025",2025,291,"0"
"4327",2025-07-19,"2025",2025,292,"0"
"4328",2025-07-20,"2025",2025,293,"0"
"4329",2025-07-21,"2025",2025,294,"0"
"4330",2025-07-22,"2025",2025,295,"0"
"4331",2025-07-23,"2025",2025,296,"0"
"4332",2025-07-24,"2025",2025,297,"0"
"4333",2025-07-25,"2025",2025,298,"0"
"4334",2025-07-26,"2025",2025,299,"0"
"4335",2025-07-27,"2025",2025,300,"0"
"4336",2025-07-28,"2025",2025,301,"0"
"4337",2025-07-29,"2025",2025,302,"0"
"4338",2025-07-30,"2025",2025,303,"0"
"4339",2025-07-31,"2025",2025,304,"0"
"4340",2025-08-01,"2025",2025,305,"0"
"4341",2025-08-02,"2025",2025,306,"0"
"4342",2025-08-03,"2025",2025,307,"0"
"4343",2025-08-04,"2025",2025,308,"0"
"4344",2025-08-05,"2025",2025,309,"0"
"4345",2025-08-06,"2025",2025,310,"0"
"4346",2025-08-07,"2025",2025,311,"0"
"4347",2025-08-08,"2025",2025,312,"0"
"4348",2025-08-09,"2025",2025,313,"0"
"4349",2025-08-10,"2025",2025,314,"0"
"4350",2025-08-11,"2025",2025,315,"0"
"4351",2025-08-12,"2025",2025,316,"0"
"4352",2025-08-13,"2025",2025,317,"0"
"4353",2025-08-14,"2025",2025,318,"0"
"4354",2025-08-15,"2025",2025,319,"0"
"4355",2025-08-16,"2025",2025,320,"0"
"4356",2025-08-17,"2025",2025,321,"0"
"4357",2025-08-18,"2025",2025,322,"0"
"4358",2025-08-19,"2025",2025,323,"0"
"4359",2025-08-20,"2025",2025,324,"0"
"4360",2025-08-21,"2025",2025,325,"0"
"4361",2025-08-22,"2025",2025,326,"0"
"4362",2025-08-23,"2025",2025,327,"0"
"4363",2025-08-24,"2025",2025,328,"0"
"4364",2025-08-25,"2025",2025,329,"0"
"4365",2025-08-26,"2025",2025,330,"0"
"4366",2025-08-27,"2025",2025,331,"0"
"4367",2025-08-28,"2025",2025,332,"0"
"4368",2025-08-29,"2025",2025,333,"0"
"4369",2025-08-30,"2025",2025,334,"0"
"4370",2025-08-31,"2025",2025,335,"0"
"4371",2025-09-01,"2025",2025,336,"0"
"4372",2025-09-02,"2025",2025,337,"0"
"4373",2025-09-03,"2025",2025,338,"0"
"4374",2025-09-04,"2025",2025,339,"0"
"4375",2025-09-05,"2025",2025,340,"0"
"4376",2025-09-06,"2025",2025,341,"0"
"4377",2025-09-07,"2025",2025,342,"0"
"4378",2025-09-08,"2025",2025,343,"0"
"4379",2025-09-09,"2025",2025,344,"0"
"4380",2025-09-10,"2025",2025,345,"0"
"4381",2025-09-11,"2025",2025,346,"0"
"4382",2025-09-12,"2025",2025,347,"0"
"4383",2025-09-13,"2025",2025,348,"0"
"4384",2025-09-14,"2025",2025,349,"0"
"4385",2025-09-15,"2025",2025,350,"0"
"4386",2025-09-16,"2025",2025,351,"0"
"4387",2025-09-17,"2025",2025,352,"0"
"4388",2025-09-18,"2025",2025,353,"0"
"4389",2025-09-19,"2025",2025,354,"0"
"4390",2025-09-20,"2025",2025,355,"0"
"4391",2025-09-21,"2025",2025,356,"0"
"4392",2025-09-22,"2025",2025,357,"0"
"4393",2025-09-23,"2025",2025,358,"0"
"4394",2025-09-24,"2025",2025,359,"0"
"4395",2025-09-25,"2025",2025,360,"0"
"4396",2025-09-26,"2025",2025,361,"0"
"4397",2025-09-27,"2025",2025,362,"0"
"4398",2025-09-28,"2025",2025,363,"0"
"4399",2025-09-29,"2025",2025,364,"0"
"4400",2025-09-30,"2025",2025,365,"0"
"4401",2025-10-01,"2025",2026,1,"0"
"4402",2025-10-02,"2025",2026,2,"0"
"4403",2025-10-03,"2025",2026,3,"0"
"4404",2025-10-04,"2025",2026,4,"0"
"4405",2025-10-05,"2025",2026,5,"0"
"4406",2025-10-06,"2025",2026,6,"0"
"4407",2025-10-07,"2025",2026,7,"0"
"4408",2025-10-08,"2025",2026,8,"0"
"4409",2025-10-09,"2025",2026,9,"0"
"4410",2025-10-10,"2025",2026,10,"0"
"4411",2025-10-11,"2025",2026,11,"0"
"4412",2025-10-12,"2025",2026,12,"0"
"4413",2025-10-13,"2025",2026,13,"0"
"4414",2025-10-14,"2025",2026,14,"0"
"4415",2025-10-15,"2025",2026,15,"0"
"4416",2025-10-16,"2025",2026,16,"0"
"4417",2025-10-17,"2025",2026,17,"0"
"4418",2025-10-18,"2025",2026,18,"0"
"4419",2025-10-19,"2025",2026,19,"0"
"4420",2025-10-20,"2025",2026,20,"0"
"4421",2025-10-21,"2025",2026,21,"0"
"4422",2025-10-22,"2025",2026,22,"0"
"4423",2025-10-23,"2025",2026,23,"0"
"4424",2025-10-24,"2025",2026,24,"0"
"4425",2025-10-25,"2025",2026,25,"0"
"4426",2025-10-26,"2025",2026,26,"0"
"4427",2025-10-27,"2025",2026,27,"0"
"4428",2025-10-28,"2025",2026,28,"0"
"4429",2025-10-29,"2025",2026,29,"0"
"4430",2025-10-30,"2025",2026,30,"0"
"4431",2025-10-31,"2025",2026,31,"0"
"4432",2025-11-01,"2025",2026,32,"0"
"4433",2025-11-02,"2025",2026,33,"0"
"4434",2025-11-03,"2025",2026,34,"0"
"4435",2025-11-04,"2025",2026,35,"0"
"4436",2025-11-05,"2025",2026,36,"0"
"4437",2025-11-06,"2025",2026,37,"0"
"4438",2025-11-07,"2025",2026,38,"0"
"4439",2025-11-08,"2025",2026,39,"0"
"4440",2025-11-09,"2025",2026,40,"0"
"4441",2025-11-10,"2025",2026,41,"0"
"4442",2025-11-11,"2025",2026,42,"0"
"4443",2025-11-12,"2025",2026,43,"0"
"4444",2025-11-13,"2025",2026,44,"0"
"4445",2025-11-14,"2025",2026,45,"0"
"4446",2025-11-15,"2025",2026,46,"0"
"4447",2025-11-16,"2025",2026,47,"0"
"4448",2025-11-17,"2025",2026,48,"0"
"4449",2025-11-18,"2025",2026,49,"1"
"4450",2025-11-19,"2025",2026,50,"1"
"4451",2025-11-20,"2025",2026,51,"1"
"4452",2025-11-21,"2025",2026,52,"1"
"4453",2025-11-22,"2025",2026,53,"1"
"4454",2025-11-23,"2025",2026,54,"1"
"4455",2025-11-24,"2025",2026,55,"1"
"4456",2025-11-25,"2025",2026,56,"1"
"4457",2025-11-26,"2025",2026,57,"1"
"4458",2025-11-27,"2025",2026,58,"1"
"4459",2025-11-28,"2025",2026,59,"1"
"4460",2025-11-29,"2025",2026,60,"1"
"4461",2025-11-30,"2025",2026,61,"1"
"4462",2025-12-01,"2025",2026,62,"1"
"4463",2025-12-02,"2025",2026,63,"1"
"4464",2025-12-03,"2025",2026,64,"1"
"4465",2025-12-04,"2025",2026,65,"1"
"4466",2025-12-05,"2025",2026,66,"1"
"4467",2025-12-06,"2025",2026,67,"1"
"4468",2025-12-07,"2025",2026,68,"1"
"4469",2025-12-08,"2025",2026,69,"1"
"4470",2025-12-09,"2025",2026,70,"1"
"4471",2025-12-10,"2025",2026,71,"1"
"4472",2025-12-11,"2025",2026,72,"1"
"4473",2025-12-12,"2025",2026,73,"1"
"4474",2025-12-13,"2025",2026,74,"1"
"4475",2025-12-14,"2025",2026,75,"1"
"4476",2025-12-15,"2025",2026,76,"1"
"4477",2025-12-16,"2025",2026,77,"1"
"4478",2025-12-17,"2025",2026,78,"1"
"4479",2025-12-18,"2025",2026,79,"1"
"4480",2025-12-19,"2025",2026,80,"1"
"4481",2025-12-20,"2025",2026,81,"1"
"4482",2025-12-21,"2025",2026,82,"1"
"4483",2025-12-22,"2025",2026,83,"1"
"4484",2025-12-23,"2025",2026,84,"1"
"4485",2025-12-24,"2025",2026,85,"1"
"4486",2025-12-25,"2025",2026,86,"1"
"4487",2025-12-26,"2025",2026,87,"1"
"4488",2025-12-27,"2025",2026,88,"1"
"4489",2025-12-28,"2025",2026,89,"1"
"4490",2025-12-29,"2025",2026,90,"1"
"4491",2025-12-30,"2025",2026,91,"1"
"4492",2025-12-31,"2025",2026,92,"1"
