"","waterYear","obs_ice_off","pred_ice_off","ice_off_diff","oos_accuracy"
"1",2014,78,71,7,0.940677966101695
"2",2015,69,74,-5,0.957627118644068
"3",2016,81,78,3,0.974576271186441
"4",2017,73,74,-1,0.991525423728814
"5",2018,65,61,4,0.966101694915254
"6",2019,93,84,9,0.923728813559322
"7",2020,39,44,-5,0.945054945054945
"8",2021,81,84,-3,0.97196261682243
"9",2022,44,51,-7,0.920454545454545
"10",2023,49,52,-3,0.946808510638298
